-0.19549393978971596   -0.42634538210779216   -0.29637762125938083
0.5953148275814221   0.5636232658891507   0.07323512460941267
0.6012760091794047   0.5710672251909505   0.08340826163421317
0.607236627453875   0.5785106679318217   0.09358039911402927
0.6131964007881876   0.5859533358726661   0.10375103735641245
0.6191550476198275   0.5933949708240227   0.11391967676496101
0.6251122864584471   0.6008353146626069   0.12408581787132583
0.6310678359039008   0.6082741093478476   0.13424896136720832
0.6370214146642712   0.615711096938419   0.14440860813634793
0.6429727415738904   0.6231460196087636   0.15456425928649742
0.6489215356113525   0.6305786196656106   0.1647154161813837
0.6548675159175169   0.6380086395644847   0.1748615804726522
0.6608104018135007   0.6454358219262049   0.18500225413179322
0.6667499128186608   0.6528599095533731   0.1951369394820473
0.6726857686685618   0.6602806454468519   0.2052651392302881
0.6786176893329311   0.6676977728222278   0.21538635649888105
0.6845453950335989   0.6751110351262628   0.22550009485751504
0.6904686062624215   0.6825201760533295   0.2356058583550058
0.6963870437991876   0.689924939561831   0.24570315155106814
0.7023004287295064   0.6973250698906044   0.25579147954805564
0.7082084824626758   0.7047203115753057   0.2658703480226662
0.71411092674953   0.7121104094647744   0.2759392632576091
0.7200074837002648   0.7194951087373819   0.2859977321732355
0.7258978758022412   0.7268741549173543   0.29604526235912654
0.7317818259377624   0.734247293891076   0.30608136210563847
0.7376590574018288   0.7416142719233687   0.3161055404354046
0.7435292939198631   0.7489748356737471   0.3261173071347876
0.7493922596654103   0.7563287322126486   0.3361161727852856
0.7552476792778082   0.7636757090376365   0.34610164879488564
0.7610952778798279   0.7710155140895771   0.3560732474293648
0.7669347810952831   0.7783478957687867   0.3660304818435363
0.7727659150666082   0.7856726029511502   0.37597286611243835
0.7785884064724025   0.79298938500421   0.3858999152624646
0.7844019825449394   0.8002979918032209   0.39581114530243333
0.7902063710876428   0.8075981737471749   0.4057060732545937
0.7960013004925226   0.8148896817747917   0.4155842171855669
0.801786499757577   0.8221722673804741   0.4254450962372203
0.8075616985041524   0.8294456826302281   0.4352882306574743
0.8133266269942657   0.8367096801775473   0.4451131418310356
0.8190810161478848   0.8439640132792577   0.45491935231005975
0.8248245975601661   0.8512084358113253   0.4647063858447378
0.8305571035186501   0.8584427022846244   0.4744737674138076
0.8362782670204121   0.8656665678606638   0.48422102325498395
0.841987821789167   0.8728797883672728   0.493947680895311
0.8476855022923281   0.8800821203142424   0.5036532691814296
0.8533710437580185   0.8872733209089261   0.5133373183097618
0.8590441821920328   0.8944531480717921   0.5229993598566076
0.8647046543947496   0.9016213604519334   0.5326389268081546
0.8703521979779937   0.9087777174425291   0.5422555535903959
0.8759865513818448   0.9159219791962583   0.551848776098957
0.8816074538913943   0.9230539066406657   0.561418131728828
0.887214645653448   0.9301732614934773   0.5709631594039999
0.892807867693173   0.9372798062778671   0.580483399607002
0.8983868619306882   0.9443733043376679   0.5899783944083414
0.9039513711975988   0.9514535198525351   0.5994476874958392
0.9095011392534705   0.958520217853053   0.6088908242038633
0.9150359108022459   0.9655731642357879   0.6183073515424564
0.920555431508599   0.9726121257782856   0.627696818226356
0.9260594480142297   0.9796368701540128   0.6370587747039056
0.9315477079540943   0.98664716594724   0.6463927731858539
0.9370199599725728   0.9936427826678685   0.6556983676740428
0.9424759537395727   1.0006234907661946   0.6649751139899793
0.9479154399665646   1.0075890616476162   0.6742225698032915
0.9533381704225539   1.0145392676872778   0.6834402946600652
0.9587438979499822   1.021473882244652   0.6926278500110614
0.964132376480562   1.0283926796780605   0.7017847992398119
0.9695033610510405   1.0352954353591275   0.7109107076905896
0.9748566078188929   1.0421819256871723   0.7200051426962553
0.9801918740779435   1.0490519281035324   0.7290676736059748
0.985508918273915   1.0559052211058222   0.738097871812809
0.9908075000199027   1.0627415842621226   0.7470953107811709
0.9960873801117747   1.069560798225104   0.756059566074152
1.001348320543497   1.0763626447460775   0.7649902153807135
1.0065900845223794   1.083146906688976   0.7738868385427402
1.0118124364842478   1.089913368044267   0.7827490175819578
1.0170151421085325   1.0966618139427886   0.7915763367267104
1.0221979683332816   1.1033920306695162   0.8003683824385956
1.027360683370091   1.1101038056772536   0.8091247434389587
1.0325030567189544   1.1167969276002494   0.8178450107352391
1.0376248591830286   1.1234711862677378   0.8265287776471729
1.042725862883318   1.130126372717403   0.8351756398328462
1.0478058412732725   1.1367622792087666   0.8437851953145984
1.052864569153302   1.143378699236495   0.852357044504775
1.0579018226852024   1.1499754275436302   0.8608907902313259
1.0629173794064954   1.156552260134739   0.8693860377632502
1.0679110182446818   1.1631089942889814   0.8778423948358841
1.072882519531403   1.1696454285730975   0.8862594716760307
1.077831665016513   1.176161362854312   0.8946368810269306
1.0827582378820622   1.1826565983131565   0.9029742381730702
1.0876620227561868   1.1891309374562056   0.9112711609648291
1.0925428057269058   1.1955841841287294   0.9195272698429611
1.0974003743558254   1.2020161435272592   0.9277421878629111
1.1022345176917485   1.2084266222120685   0.9359155407189623
1.1070450262841895   1.2148154281195656   0.9440469567682173
1.1118316921967915   1.2211823705745959   0.9521360670544046
1.1165943090206485   1.2275272603026592   0.9601825053315183
1.1213326718875276   1.233849909442035   0.9681859080872781
1.1260465774829955   1.2401501315558172   0.9761459145664197
1.1307358240594407   1.2464277416438576   0.9840621667938043
1.1354002114490014   1.2526825561546187   0.9919343095973536
1.1400395410763864   1.2589143929969318   0.9997619906308013
1.1446536159715979   1.2651230715516635   1.0075448603962678
1.1492422407825504   1.2713084126832848   1.0152825722666492
1.1538052217875838   1.27747023875135   1.022974782507823
1.158342366907877   1.2836083736218742   1.030621150300671
1.1628534857197492   1.2897226426786197   1.0382213377629108
1.167338389466864   1.2958128728342801   1.0457750099707441
1.1717968910723173   1.3018788925415712   1.0532818349803115
1.1762288051506244   1.3079205318042186   1.0607414838489593
1.1806339480195966   1.3139376221878507   1.0681536306563117
1.1850121377121077   1.3199299968307874   1.0755179525251517
1.1893631939877518   1.325897490454731   1.0828341296421042
1.1936869383443909   1.331839939375353   1.0901018452781264
1.1979831940295889   1.337757181512783   1.097320785808796
1.202251786051936   1.3436490564019894   1.1044906407344066
1.20649254119226   1.349515405203061   1.111611102699856
1.2107052880147215   1.3553560707113823   1.118681867514339
1.2148898568777984   1.3611708973677046   1.125702634170834
1.2190460799451523   1.366959731268112   1.1326731048653862
1.223173791196383   1.372722420173881   1.1395929850161868
1.2272728264376613   1.378458813521233   1.146461983282445
1.2313430233122507   1.3841687624309804   1.1532798115830514
1.2353842213109063   1.3898521197180649   1.1600461851150348
1.2393962617821594   1.3955087399009847   1.1667608223718071
1.2433789879424804   1.4011384792111172   1.1734234451611978
1.247332244886323   1.406741195601928   1.1800337786232755
1.2512558795960484   1.4123167487580706   1.1865915512479575
1.2551497409517272   1.417865000104376   1.1930964948924025
1.2590136797408222   1.4233858128147312   1.19954834479819
1.2628475486677462   1.4288790518208427   1.205946839608281
1.2666512023632988   1.434344583820891   1.2122917213837614
1.27042449739398   1.439782277288071   1.2185827356203673
1.2741672922711775   1.445192002479016   1.224819631264788
1.2778794474602322   1.4505736314421114   1.231002160730752
1.2815608253893773   1.4559270380256908   1.237130079914885
1.2852112904585506   1.4612520978861179   1.2432031482123511
1.2888307090480833   1.4665486884957533   1.249221128532264
1.2924189495272578   1.4718166891508027   1.2551837873128793
1.2959758822627434   1.4770559809790498   1.2610908945365535
1.2995013796268977   1.4822664469474731   1.266942223744483
1.3029953160059464   1.4874479718697424   1.27273755205121
1.3064575678080277   1.4926004424135968   1.2784766601589022
1.3098880134711117   1.4977237471081086   1.2841593323714022
1.3132865334707877   1.502817776350821   1.289785356608043
1.3166530103279208   1.5078824224147718   1.2953545244172404
1.3199873286161794   1.512917579455394   1.3008666309898402
1.3232893749694281   1.5179231435172964   1.306321475172245
1.326559038088992   1.5228990125409243   1.3117188594792966
1.3297962087507855   1.5278450863690967   1.3170585901069298
1.3330007798123114   1.5327612667534236   1.3223404769445892
1.336172646219522   1.5376474573605994   1.3275643335874046
1.3393117050135523   1.5425035637785753   1.3327299773481374
1.342417855337314   1.5473294935226063   1.3378372292688798
1.3454909984419583   1.552125156041178   1.3428859141325238
1.3485310376931994   1.556890462721806   1.3478758604739824
1.3515378785775085   1.5616253268967133   1.3528069005911771
1.3545114287081668   1.5663296638483832   1.35767887055578
1.357451597831184   1.5710033908149854   1.3624916102237157
1.3603582978310826   1.5756464269956791   1.3672449632454224
1.3632314427365384   1.580258693555789   1.371938777075865
1.3660709487258937   1.5848401136318557   1.3765729029843121
1.3688767341325228   1.5893906123365593   1.381147196063859
1.3716487194500657   1.5939101167635186   1.3856615152407163
1.3743868273375215   1.5983985559919596   1.3901157232832433
1.3770909826242035   1.602855861091261   1.3945096868107425
1.3797611123145532   1.6072819651253687   1.3988432763020024
1.38239714559282   1.6116768031570843   1.403116366103597
1.3849990138275934   1.616040312252226   1.407328834437933
1.3875666505762037   1.620372431483659   1.4114805634110545
1.390099991588977   1.6246731019352   1.4155714390201943
1.3925989748133503   1.6289422667053914   1.4196013511610759
1.3950635403978493   1.6331798709111458   1.4235701936349694
1.3974936306959203   1.637385861691262   1.427477864155494
1.3998891902696247   1.6415601882098134   1.4313242643551705
1.4022501658931894   1.6457028016594022   1.4351092997917245
1.404576506556418   1.6498136552642877   1.4388328799541346
1.4068681634679578   1.6538927042833829   1.4424949182684323
1.4091250900584256   1.6579399060131195   1.4460953321032486
1.4113472419833917   1.6619552197901857   1.4496340427751069
1.4135345771262198   1.6659386069941293   1.4531109755534628
1.4156870556007661   1.669890031049833   1.4565260596654943
1.4178046397539341   1.6738094574298577   1.4598792283006328
1.4198872941680865   1.677696853656653   1.4631704186148458
1.4219349856633154   1.6815521893046397   1.4663995717346607
1.423947683299566   1.6853754360021573   1.469566632760938
1.4259253583786196   1.6891665674332832   1.4726715507723882
1.4278679844459343   1.6929255593395172   1.4757142788288324
1.4297755372923353   1.6966523895213366   1.4786947739742116
1.4316479949555703   1.7003470378396173   1.4816129972393381
1.433485337721713   1.7040094862169255   1.4844689136443912
1.4352875481264287   1.7076397186386745   1.4872624922011577
1.437054610956091   1.7112377211541512   1.4899937059150197
1.4387865132487585   1.7148034818774092   1.4926625317866804
1.4404832442950029   1.718336990988032   1.4952689508136412
1.4421447956385973   1.7218382407317596   1.497812947991416
1.4437711610770563   1.7253072254209876   1.500294512314494
1.445362336662034   1.7287439414351298   1.5027136367770446
1.4469183206995777   1.7321483872208514   1.505070318373366
1.4484391137502344   1.7355205632921684   1.507364558098078
1.4499247186290174   1.7388604722304133   1.5095963609460574
1.4513751404052238   1.7421681186840714   1.5117657359121195
1.452790386402111   1.7454435093684821   1.5138726959904412
1.454170466196427   1.748686653065409   1.5159172581737275
1.4555153916177974   1.7518975606224776   1.5178994434521245
1.4568251767479667   1.755076244952479   1.5198192768118737
1.4580998379198975   1.7582227210325447   1.5216767872337122
1.4593393937167227   1.7613370059031848   1.5234720076910142
1.460543864970555   1.7644191186671994   1.5252049751476815
1.4617132747611548   1.7674690804884512   1.5268757305557725
1.4628476484144481   1.7704869145905129   1.5284843188528805
1.4639470135009065   1.7734726462551769   1.5300307889592544
1.46501139983378   1.7764263028208371   1.5315151937746645
1.4660408394671867   1.7793479136807369   1.5329375901750137
1.46703536669406   1.7822375102810866   1.5342980390086938
1.4679950180439525   1.7850951261190486   1.535596605092687
1.4689198322806931   1.7879207967405917   1.5368333572084143
1.4698098503999064   1.7907145597382133   1.5380083680973282
1.470665115626385   1.793476454748531   1.5391217144562532
1.47148567341132   1.796206523449745   1.5401734769324718
1.4722715714293908   1.798904809558966   1.5411637401185587
1.4730228595757093   1.8015713588294149   1.5420925925469608
1.4737395899626238   1.8042062190474932   1.5429601266843258
1.4744218169163816   1.8068094400297197   1.5437664389255785
1.475069596973647   1.8093810736195401   1.5445116295877446
1.4756829888778809   1.8119211736840057   1.5451958029035255
1.476262053575576   1.8144297961103226   1.5458190670146197
1.4768068542123531   1.8169069988022697   1.5463815339647948
1.4773174561289162   1.8193528416764924   1.54688331969271
1.4777939268568663   1.821767386658661   1.5473245440244887
1.4782363361143736   1.824150697679505   1.5477053306660415
1.4786447558017135   1.826502840670717   1.5480258071951416
1.4790192599966592   1.8288238835607307   1.5482861050532513
1.479359924949735   1.8311138962703646   1.5484863595371017
1.4796668290793333   1.8333729507083478   1.5486267097900253
1.4799400529666897   1.8356011207667107   1.5487072987930406
1.4801796793507218   1.837798482316051   1.5487282733556949
1.480385793122726   1.8399651132006736   1.5486897841066558
1.4805584813209425   1.8421010932336042   1.5485919854840644
1.4806978331249763   1.8442065041914752   1.5484350357256391
1.4808039398500867   1.846281429809288   1.5482190968585396
1.4808768949413351   1.8483259557750464   1.5479443346889867
1.4809167939675991   1.8503401697242703   1.54761091879164
1.4809237346154516   1.8523241612343786   1.5472190224987343
1.4808978166828999   1.8542780218189516   1.5467688228889742
1.4808391420729947   1.856201844921869   1.5462605007761925
1.4807478147873008   1.8580957259113227   1.5456942406977638
1.480623940919234   1.8599597620737072   1.5450702309027842
1.4804676286472647   1.8617940526073868   1.5443886633400097
1.4802789882279885   1.863598698616342   1.5436497336455617
1.480058131989061   1.8653738031036906   1.5428536411303908
1.0888172947425716   1.0144287067495061   0.949245346248749
1.0885323520954406   1.0161450447664337   0.9483355406602318
1.0882155429653702   1.0178321615993444   0.9473691921039724
1.0878669878909788   1.0194901677807109   0.9463465144602168
1.0874868094446477   1.021119175707942   0.9452677252178615
1.087075132224669   1.0227192996361827   0.9441330454605199
1.0866320828472626   1.024290655670993   0.9429426998523591
1.0861577899384653   1.0258333617609114   0.9416969166237068
1.0856523841258898   1.0273475376898982   0.94039592755643
1.0851159980303577   1.0288333050696616   0.9390399679690864
1.0845487662574014   1.0302907873318654   0.9376292767018488
1.0839508253886423   1.0317201097202249   0.9361640961012049
-0.48637229423171385   -0.9319274615303308   0.2157664538934465
-0.4870312356867377   -0.9305540759505533   0.2141930356128559
-0.4877204647242992   -0.9292084637219938   0.21256587591983278
-0.4884398369471807   -0.9278904924341292   0.21088523102863344
-0.48918920602707977   -0.9266000279056552   0.2091513605799747
-0.4899684237139844   -0.9253369341930822   0.20736452762440016
-0.49077733984567007   -0.924101073599445   0.20552499860542733
-0.49161580235732005   -0.9228923066831243   0.20363304334247911
-0.49248365729126675   -0.9217104922667786   0.2016889350135978
-0.49338074880685523   -0.9205554874463897   0.19969295013794466
-0.4943069191904268   -0.9194271476004177   0.1976453685580842
-0.4952620088654226   -0.9183253263990652   0.19554647342205733
-0.496245856402607   -0.917249875813652   0.19339655116524196
-0.49725829853040876   -0.9162006461260992   0.19119589149200178
-0.49829917014538166   -0.9151774859385191   0.18894478735712766
-0.4993683043227808   -0.9141802421829159   0.18664353494707012
-0.5004655323272569   -0.9132087601309911   0.18429243366096312
-0.5015906836236661   -0.9122628834040554   0.18189178609144513
-0.502743585887995   -0.9113424539830479   0.1794418980052726
-0.5039240650183999   -0.9104473122186596   0.1769430783237325
-0.5051319451463616   -0.9095772968415592   0.17439563910285072
-0.506367048647951   -0.9087322449727266   0.1717998955134012
-0.5076291961552087   -0.9079119921338872   0.16915616582071466
-0.5089182065676363   -0.9071163722580479   0.16646477136428967
-0.5102338970637982   -0.9063452177001372   0.16372603653720585
-0.5115760831130335   -0.9055983592477445   0.16094028876534244
-0.512944578487278   -0.9048756261319606   0.15810785848640277
-0.5143391952729949   -0.9041768460383179   0.15522907912874379
-0.5157597438832128   -0.9035018451178296   0.15230428709001667
-0.5172060330696715   -0.9028504479981263   0.1493338217156151
-0.518677869935074   -0.9022224777946924   0.1463180252769365
-0.5201750599454447   -0.9016177561221971   0.1432572429494535
-0.521697406942591   -0.901036103105922   0.14015182279060187
-0.5232447131566711   -0.9004773373932855   0.13700211571748283
-0.5248167792188628   -0.8999412761654607   0.13380847548438038
-0.5264134041741365   -0.8994277351490869   0.1305712586601003
-0.528034385494129   -0.8989365286280754   0.12729082460512592
-0.5296795190901175   -0.8984674694555068   0.12396753544859695
-0.5313485993260956   -0.8980203690656205   0.12060175606510956
-0.533041419031946   -0.897595037485895   0.11719385405134111
-0.5347577695167135   -0.8971912833492182   0.11374419970250063
-0.5364974405819731   -0.8968089139061467   0.11025316598860743
-0.5382602205352978   -0.896447735037255   0.10672112853059507
-0.5400458962038193   -0.8961075512655701   0.10314846557624946
-0.5418542529478845   -0.8957881657690959   0.09953555797597685
-0.5436850746748074   -0.8954893803934212   0.09588278915840387
-0.5455381438527114   -0.8952109956644152   0.09219054510581479
-0.5474132415244658   -0.8949528108010061   0.08845921432942341
-0.5493101473217129   -0.8947146237280431   0.08468918784448473
-0.5512286394789859   -0.8944962310892439   0.0808808591452434
-0.5531684948479156   -0.8942974282602203   0.0770346241797262
-0.5551294889115262   -0.894118009361589   0.07315088132437622
-0.557111395798619   -0.8939577672721601   0.06923003135853001
-0.5591139882982422   -0.8938164936422065   0.0652724774387439
-0.5611370378742471   -0.8936939789068107   0.06127862507296508
-0.5631803146799286   -0.8935900122992912   0.05724888209455453
-0.5652435875727504   -0.8935043818647048   0.053183658636158065
-0.5673266241291531   -0.8934368744734251   0.0490833671034325
-0.5694291906594436   -0.893387275834796   0.04494842214862593
-0.5715510522227659   -0.8933553705108609   0.040779240644013004
-0.5736919726421532   -0.8933409419301637   0.036576241655188496
-0.5758517145196574   -0.8933437724016227   0.032339846414220205
-0.5780300392515583   -0.8933636431284786   0.02807047829266464
-0.5802267070436489   -0.8934003342223091   0.023768562774442364
-0.582441476926598   -0.8934536247171176   0.019434527428580692
-0.5846741067713874   -0.8935232925834877   0.015068801881822524
-0.5869243533048233   -0.8936091147428085   0.010671817791102794
-0.5891919721251218   -0.8937108670815647   0.006244008815894028
-0.5914767177175659   -0.8938283244656953   0.0017858105904247634
-0.593778343470234   -0.8939612607550148   -0.0027023393042270444
-0.5960966016897985   -0.8941094488177026   -0.007220001368169665
-0.5984312436173952   -0.8942726605448532   -0.011766734210852545
-0.6007820194445584   -0.8944506668650888   -0.016342094579343172
-0.6031486783292247   -0.894643237759235   -0.020945637386722615
-0.6055309684118035   -0.8948501422750575   -0.0255769157406016
-0.607928636831312   -0.8950711485420568   -0.03023548097174869
-0.6103414297415736   -0.8953060237863226   -0.03492088266283412
-0.6127690923274808   -0.895554534345447   -0.03963266867728431
-0.61521136882132   -0.8958164456834932   -0.044370385188248845
-0.6176680025191563   -0.8960915224060206   -0.04913357670767372
-0.620138735797279   -0.8963795282751655   -0.05392178611548065
-0.6226233101287062   -0.8966802262247752   -0.05873455468885344
-0.6251214660997465   -0.896993378375595   -0.06357142213162455
-0.6276329434266189   -0.8973187460505081   -0.06843192660376379
-0.6301574809721264   -0.8976560897898263   -0.07331560475096442
-0.6326948167623863   -0.8980051693666293   -0.07822199173432899
-0.635244688003613   -0.8983657438021568   -0.08315062126014805
-0.6378068310989531   -0.8987375713812445   -0.08810102560977139
-0.640380981665373   -0.8991204096678104   -0.09307273566957378
-0.642966874550596   -0.8995140155203852   -0.09806528096100697
-0.645564243850089   -0.8999181451076903   -0.103078189670741
-0.6481728229240968   -0.9003325539242566   -0.10811098868088861
-0.6507923444147253   -0.9007569968060903   -0.11316320359931749
-0.6534225402630679   -0.9011912279463778   -0.11823435879003968
-0.6560631417263797   -0.9016350009112336   -0.12332397740368364
-0.6587138793952929   -0.9020880686554875   -0.12843158140804162
-0.6613744832110772   -0.9025501835385112   -0.133556691618696
-0.6640446824829405   -0.9030210973400833   -0.1386988277297166
-0.6667242059053697   -0.9035005612762907   -0.14385750834443015
-0.6694127815755126   -0.9039883260154675   -0.14903225100626216
-0.6721101370105963   -0.9044841416941675   -0.15422257222964336
-0.6748159991653837   -0.904987757933171   -0.15942798753098444
-0.677530094449665   -0.905498923853526   -0.16464801145971278
-0.6802521487457868   -0.9060173880926198   -0.16988215762937373
-0.682981887426211   -0.9065428988202824   -0.17512993874878946
-0.6857190353711098   -0.9070752037549193   -0.18039086665327608
-0.6884633169859902   -0.9076140501796746   -0.1856644523359186
-0.6912144562193498   -0.9081591849586194   -0.19095020597889759
-0.6939721765803625   -0.9087103545529701   -0.1962476369848693
-0.6967362011565895   -0.9092673050373307   -0.20155625400839403
-0.6995062526317217   -0.9098297821159592   -0.20687556498741516
-0.7022820533033441   -0.9103975311390603   -0.2122050771747813
-0.7050633251007272   -0.9109702971190979   -0.21754429716981433
-0.7078497896026401   -0.911547824747131   -0.22289273094991677
-0.7106411680551885   -0.9121298584091702   -0.22824988390222306
-0.7134371813896727   -0.912716142202552   -0.23361526085528508
-0.7162375502404642   -0.9133064199523351   -0.23898836611079402
-0.719041994962905   -0.9139004352277094   -0.24436870347533804
-0.7218502356512212   -0.9144979313584255   -0.2497557762921893
-0.7246619921564552   -0.9150986514512375   -0.2551490874731225
-0.7274769841044134   -0.9157023384063604   -0.26054813953025835
-0.7302949309136274   -0.9163087349339413   -0.2659524346079369
-0.7331155518133297   -0.9169175835705416   -0.2713614745146104
-0.7359385658614406   -0.9175286266956318   -0.2767747607547602
-0.7387636919625663   -0.9181416065480956   -0.2821917945608311
-0.7415906488860075   -0.9187562652427422   -0.28761207692518526
-0.7444191552837751   -0.919372344786828   -0.29303510863207055
-0.747248929708615   -0.9199895870965853   -0.298460390289601
-0.7500796906320389   -0.9206077340137543   -0.3038874223617511
-0.7529111564623596   -0.9212265273221231   -0.309315705200357
-0.7557430455627312   -0.9218457087640701   -0.31474473907712663
-0.7585750762691907   -0.9224650200571075   -0.3201740242156524
-0.7614069669087042   -0.9230842029104293   -0.32560306082343105
-0.764238435817211   -0.9237029990414578   -0.3310313491238812
-0.767069201357667   -0.92432115019239   -0.3364583893883599
-0.7698989819380896   -0.9249383981467428   -0.34188368196817864
-0.772727496029596   -0.9255544847458955   -0.34730672732661216
-0.7755544621844396   -0.9261691519056275   -0.35272702607090045
-0.7783795990540396   -0.9267821416326535   -0.3581440789842413
-0.7812026254070068   -0.9273931960411501   -0.3635573870577729
-0.7840232601471593   -0.928002057369278   -0.3689664515225418
-0.7868412223315306   -0.9286084679956941   -0.374370773881456
-0.7896562311883681   -0.9292121704560575   -0.3797698559412196
-0.7924680061351205   -0.9298129074595215   -0.38516319984425035
-0.7952762667964125   -0.9304104219052175   -0.39055030810057373
-0.7980807330220069   -0.9310044568987267   -0.3959306836196931
-0.8008811249047526   -0.9315947557685363   -0.40130382974243656
-0.8036771627985154   -0.9321810620824835   -0.406669250272774
-0.8064685673360944   -0.9327631196641837   -0.41202644950960565
-0.8092550594471178   -0.9333406726094413   -0.4173749322785174
-0.8120363603759229   -0.933913465302645   -0.422714203963505
-0.8148121916994133   -0.9344812424331425   -0.4280437705386611
-0.8175822753448949   -0.9350437490115969   -0.4333631385998217
-0.8203463336078921   -0.9356007303863232   -0.4386718153961792
-0.8231040891699373   -0.9361519322596001   -0.4439693088618473
-0.8258552651163373   -0.9366971007039642   -0.4492551276473856
-0.8285995849539135   -0.9372359821784744   -0.45452878115127654
-0.8313367726287149   -0.9377683235449575   -0.4597897795513561
-0.8340665525437033   -0.9382938720842225   -0.46503763383619245
-0.8367886495764094   -0.9388123755122534   -0.47027185583641545
-0.8395027890965572   -0.9393235819963691   -0.47549195825598856
-0.842208696983659   -0.9398272401713588   -0.48069745470342873
-0.8449060996445757   -0.9403230991555831   -0.48588785972296544
-0.8475947240310446   -0.9408109085670486   -0.49106268882564036
-0.850274297657172   -0.9412904185394471   -0.49622145852034694
-0.8529445486168888   -0.9417613797381633   -0.5013636863448033
-0.8556052056013715   -0.9422235433762478   -0.5064888908964618
-0.8582559979164212   -0.9426766612303558   -0.5115965918633474
-0.8608966554998067   -0.9431204856566487   -0.5166863100548307
-0.8635269089385657   -0.9435547696066598   -0.5217575674323259
-0.8661464894862628   -0.9439792666431199   -0.5268098871399134
-0.8687551290802089   -0.9443937309557462   -0.5318427935348928
-0.8713525603586322   -0.9447979173769894   -0.5368558122182521
-0.8739385166778072   -0.9451915813977402   -0.5418484700650593
-0.8765127321291368   -0.9455744791829926   -0.5468202952547729
-0.8790749415561876   -0.9459463675874663   -0.5517708173014696
-0.8816248805716763   -0.9463070041711823   -0.5566995670839834
-0.8841622855744082   -0.9466561472149951   -0.5616060768759612
-0.8866868937661634   -0.9469935557360778   -0.5664898803758248
-0.889198443168533   -0.9473189895033607   -0.5713505127366464
-0.8916966726397033   -0.947632209052921   -0.5761875105959271
-0.8941813218911839   -0.9479329757033245   -0.5810004121052808
-0.896652131504484   -0.9482210515709147   -0.5857887569600237
-0.8991088429477316   -0.9484961995850553   -0.5905520864286626
-0.9015511985922351   -0.9487581835033146   -0.5952899433822819
-0.9039789417289891   -0.9490067679266027   -0.6000018723238298
-0.906391816585119   -0.9492417183142507   -0.6046874194172996
-0.9087895683402685   -0.9494628009990367   -0.6093461325168034
-0.9111719431429216   -0.9496697832021548   -0.6139775611955374
-0.9135386881266683   -0.9498624330481287   -0.6185812567746403
-0.9158895514264018   -0.9500405195796661   -0.6231567723519353
-0.9182242821944554   -0.9502038127724538   -0.6277036628305613
-0.9205426306166717   -0.9503520835498953   -0.6322214849474863
-0.9228443479284073   -0.950485103797786   -0.6367097973019057
-0.9251291864304696   -0.9506026463789259   -0.6411681603835201
-0.927396899504985   -0.9507044851476723   -0.6455961366006915
-0.9296472416311978   -0.9507903949644271   -0.649993290308476
-0.9318799684012001   -0.9508601517100591   -0.6543591878365347
-0.9340948365355891   -0.9509135323002634   -0.6586933975169158
-0.9362916038990516   -0.9509503146998523   -0.6629954897117074
-0.938470029515878   -0.9509702779369791   -0.6672650368405635
-0.940629873585398   -0.9509732021172956   -0.6715016134080956
-0.9427708974973448   -0.9509588684380383   -0.6757047960311313
-0.9448928638471403   -0.9509270592020467   -0.679874163465838
-0.9469955364511041   -0.9508775578317086   -0.6840092966347096
-0.9490786803615853   -0.9508101488828355   -0.688109778653414
-0.9511420618820132   -0.9507246180584656   -0.6921751948574999
-0.9531854485818688   -0.9506207522225908   -0.6962051328289621
-0.9552086093115761   -0.9504983394138118   -0.7001991824226628
-0.9572113142173093   -0.9503571688589174   -0.7041569357926065
-0.9591933347557178   -0.9501970309863872   -0.708077987418068
-0.9611544437085694   -0.9500177174398166   -0.7119619341295719
-0.9630944151973051   -0.9498190210912674   -0.7158083751347217
-0.9650130246975103   -0.9496007360545343   -0.7196169120438756
-0.9669100490532978   -0.9493626576983362   -0.7233871488956669
-0.9687852664916057   -0.9491045826594253   -0.7271186921823747
-0.9706384566364037   -0.9488263088556154   -0.7308111508751298
-0.9724694005228114   -0.9485276354987286   -0.7344641364489676
-0.9742778806111267   -0.9482083631074574   -0.7380772629077178
-0.9760636808007609   -0.9478682935201446   -0.7416501468087323
-0.9778265864440839   -0.9475072299074794   -0.7451824072874511
-0.9795663843601758   -0.947124976785105   -0.7486736660818005
-0.9812828628484822   -0.9467213400261437   -0.7521235475564265
-0.9829758117023786   -0.9462961268736326   -0.7555316787267607
-0.9846450222226354   -0.945849145952873   -0.7588976892829125
-0.9862902872307893   -0.9453802072836894   -0.7622212116133952
-0.9879114010824143   -0.9448891222926012   -0.7655018808286744
-0.9895081596802983   -0.9443757038249037   -0.7687393347845453
-0.9910803604875156   -0.9438397661566569   -0.7719332141053327
-0.9926278025404045   -0.9432811250065852   -0.7750831622069148
-0.994150286461441   -0.9426995975478808   -0.7781888253195652
-0.995647614472011   -0.9420950024199188   -0.7812498525106195
-0.997119590405081   -0.941467159739874   -0.7842658957069542
-0.9985660197177662   -0.9408158911142461   -0.7872366097172883
-0.9999867095037926   -0.9401410196502868   -0.7901616522542967
-1.0013814685058564   -0.9394423699673344   -0.7930406839565372
-1.0027501071278744   -0.9387197682080469   -0.7958733684101924
-1.0040924374471332   -0.9379730420495418   -0.7986593721706222
-1.396396152805758   -1.7898927849300188   -1.3941536073024858
-1.397685309504917   -1.7890972991973637   -1.3968452613258653
-1.3989476042932347   -1.7882771814134957   -1.399489252349814
-1.4001828560607767   -1.7874322655027701   -1.4020852590180917
-1.401390885430086   -1.7865623869782017   -1.404632963048514
-1.4025715147676725   -1.7856673829520031   -1.4071320492533421
-1.4037245681953932   -1.78474709214602   -1.4095822055594749
-1.4048498716017213   -1.783801354902062   -1.4119831230284436
-1.4059472526528982   -1.782830013192133   -1.4143344958762003
-1.4070165408039756   -1.7818329106285526   -1.4166360214927094
-1.40805756730974   -1.780809892473977   -1.4188874004613339
-1.4090701652355235   -1.7797608056513115   -1.421088336578017
-1.410054169467899   -1.778685498753516   -1.4232385368702578
-1.411009416725257   -1.777583822053306   -1.42533771161588
-1.411935745568266   -1.7764556275127443   -1.4273855743615933
-1.4128329964102158   -1.7753007687927251   -1.429381841941345
-1.413701011527241   -1.7741191012623478   -1.4313262344944584
-1.4145396350684245   -1.7729104820081851   -1.4332184754835637
-1.4153487130657827   -1.771674769843435   -1.4350582917123151
-1.416128093444129   -1.7704118253169698   -1.4368454133428887
-1.4168776260308165   -1.7691215107222664   -1.438579573913274
-1.4175971625653578   -1.7678036901062302   -1.4402605103543415
-1.418286556708925   -1.7664582292779047   -1.441887963006696
-1.4189456640537221   -1.765084995817067   -1.4434616756373133
0.1501202660725148   0.20136500173009886   -0.7261031773449698
0.14952215777837813   0.202794170591388   -0.727568655020372
0.14895475782830692   0.20425149863718772   -0.728979644696229
0.14841820281469623   0.2057371111210916   -0.7303359040069366
0.14791262735390043   0.2072511314846876   -0.7316371940931202
0.1474381640776088   0.20879368134964998   -0.7328832796169381
0.14699494362434887   0.21036488050994706   -0.7340739287771566
0.14658309463111704   0.2119648469241674   -0.7352089133240016
0.14620274372513758   0.21359369670796197   -0.7362880085737804
0.14585401551575114   0.21525154412660724   -0.7373109934232749
0.1455370325864304   0.21693850158768246   -0.7382776503639087
0.14525191548692837   0.2186546796338708   -0.7391877654956786
0.14499878272555483   0.22040018693587532   -0.7400411285408599
0.14477775076158395   0.22217513028545943   -0.7408375328574769
0.14458893399779427   0.22397961458860344   -0.7415767754525409
0.14443244477313907   0.22581374285878458   -0.7422586569950551
0.14430839335554954   0.22767761621037874   -0.7428829818287842
0.14421688793487092   0.22957133385218031   -0.7434495579847891
0.14415803461593119   0.23149499308104865   -0.7439581971937249
0.1441319374117436   0.23344868927567414   -0.7444087148979024
0.14413869823684347   0.23543251589046726   -0.7448009302631109
0.14417841690075905   0.2374465644495729   -0.7451346661902043
0.14425119110161688   0.23949092454100568   -0.7454097493264458
0.14435711641988364   0.24156568381091043   -0.7456260100766133
0.1444962863122426   0.24367092795794976   -0.7457832826138654
0.14466879210560638   0.24580674072781067   -0.7458814048903637
0.14487472299126591   0.2479732039078406   -0.7459202186476552
0.14511416601917726   0.2501703973218097   -0.7458995694268101
0.14538720609238417   0.2523983988247939   -0.7458193065783174
0.14569392596157954   0.2546572842981898   -0.7456792832717358
0.14603440621980318   0.2569471276448516   -0.7454793565051014
0.14640872529727972   0.2592680007843582   -0.7452193871140864
0.1468169594563933   0.26161997364840417   -0.7448992397809174
0.1472591827868026   0.2640031141763213   -0.7445187830430423
0.14773546720069353   0.2664174883107242   -0.7440778893015533
0.14824588242817324   0.2688631599932886   -0.7435764348293603
0.1487904960128022   0.27134019116065167   -0.7430142997791193
0.14936937330726735   0.2738486417404461   -0.742391368190908
0.14998257746919577   0.2763885696474616   -0.7417075279996559
0.15063016945710772   0.2789600307799326   -0.7409626710423235
0.15131220802651202   0.2815630790159581   -0.7401566930648316
0.1520287497261421   0.28419776621005144   -0.7392894937287393
0.15277984889433247   0.28686414218981543   -0.7383609766176741
0.15356555765553875   0.28956225475275343   -0.7373710492435058
0.15438592591699746   0.29229214966320466   -0.7363196230522746
0.1552410013655289   0.295053870649413   -0.7352066134298624
0.15613082946448265   0.29784745940072754   -0.7340319397074136
0.1570554534508245   0.30067295556492846   -0.7327955251665039
0.158014914332367   0.30353039674569016   -0.7314972970440542
0.15900925088514178   0.30641981850016997   -0.7301371865369928
0.16003849965091593   0.309341254336732   -0.7287151288066628
0.16110269493485063   0.3122947357127983   -0.7272310629829759
0.1622018688033038   0.315280292032837   -0.7256849321683123
0.1633360510817755   0.3182979506464744   -0.7240766834411652
0.1645052693529971   0.3213477368467453   -0.7224062678595321
0.16570954895516482   0.3244296738684736   -0.7206736404640487
0.16694891298031572   0.32754378288678065   -0.7188787602808708
0.16822338227284908   0.330690083015732   -0.7170215903242979
0.16953297542819035   0.33386859130711033   -0.715102097599144
0.17087770879160002   0.33707932274932384   -0.7131202531028501
0.17225759645712732   0.34032229026644767   -0.7110760318273424
0.1736726502667057   0.34359750471739336   -0.7089694127606354
0.1751228798093955   0.346904974895214   -0.7068003788881774
0.17660829242076972   0.3502447075265431   -0.7045689171939395
0.17812889318244277   0.3536167072711599   -0.7022750186612517
0.17968468492174594   0.3570209767216934   -0.6999186782733787
0.18127566821154673   0.3604575164034566   -0.6974998950138412
0.18290184137021057   0.36392632477441017   -0.695018671866483
0.1845632004617102   0.3674273982252647   -0.6924750158152772
0.18625973929587675   0.37096073107970895   -0.6898689378438808
0.18799144942879656   0.3745263155947751   -0.6872004529349305
0.18975832016335248   0.37812414196133465   -0.6844695800690823
0.19156033854990906   0.3817541983047267   -0.6816763422237959
0.1933974893871413   0.38541647068551743   -0.6788207663718635
0.19526975522301013   0.3891109431003964   -0.6759028834796796
0.1971771163558788   0.39283759748319763   -0.6729227285052599
0.19911955083577598   0.39659641370605947   -0.6698803403960002
0.2010970344658021   0.40038736958071497   -0.6667757620861806
0.2031095408036785   0.4042104408599098   -0.6636090404942175
0.2051570411634429   0.40806560123896   -0.6603802265196546
0.20723950461728555   0.41195282235743347   -0.6570893750399049
0.2093568979975313   0.4158720738009681   -0.6537365449067343
0.21150918589876516   0.4198233231032221   -0.6503217989424892
0.21369633068009933   0.42380653574795085   -0.6468452039360748
0.21591829246758457   0.4278216751712194   -0.6433068306386758
0.21817502915676668   0.43186870276374656   -0.6397067537592209
0.22046649641538074   0.4359475778733753   -0.6360450519596014
0.22279264768619386   0.44005825780767915   -0.6323218078496282
0.2251534341899864   0.444200697836697   -0.6285371079817406
0.22754880492867774   0.4483748511957984   -0.6246910428454615
0.22997870668859222   0.4525806690886784   -0.6207837068616013
0.23244308404386982   0.45681810069048595   -0.6168151983762065
0.2349418793600154   0.46108709315107804   -0.6127856196542619
0.2374750327975925   0.46538759159840615   -0.6086950768731372
0.24004248231605557   0.46971953914203185   -0.6045436801157859
0.24264416367772448   0.47408287687676975   -0.6003315433636935
0.24528001045190176   0.4784775438864647   -0.5960587844895732
0.24794995401912578   0.4829034772478902   -0.591725525249817
0.25065392357556804   0.48736061203478137   -0.5873318912766953
0.2533918461375701   0.49184888132199633   -0.5828780120703054
0.25616364654631724   0.4963682161897997   -0.5783640209902795
0.258969247472654   0.5009185457282802   -0.5737900552472389
0.26180856942204006   0.5054997970418945   -0.5691562558940026
0.2646815307396393   0.5101118952541335   -0.5644627678165551
0.2675880476155551   0.5147547635123242   -0.5597097397247585
0.270528034090196   0.5194283229925479   -0.5548973241428314
0.27350140205978396   0.5241324929046932   -0.5500256773995749
0.27650806128199995   0.5288671904976324   -0.545094959618356
0.27954791938176254   0.5336323310645195   -0.5401053347068532
0.2826208818571476   0.5384278279482194   -0.5350569703465538
0.2857268520854427   0.5432535925468598   -0.5299500379820105
0.2888657313293355   0.5481095343195053   -0.5247847128098605
0.2920374187432403   0.5529955607919586   -0.5195611737676017
0.2952418113797591   0.5579115775626866   -0.5142796035221257
0.2984788041962752   0.5628574883088648   -0.5089401884580204
0.3017482900616848   0.5678331947925518   -0.5035431186656252
0.3050501597632578   0.5728385968669788   -0.4980885879288567
0.3083843020136353   0.5778735924829678   -0.4925767937127925
0.31175060345796124   0.5829380776954708   -0.487007937151019
0.31514894868114035   0.5880319466702245   -0.4813822230327497
0.31857922021523466   0.5931550916905335   -0.47569985978970447
0.3220412985469896   0.5983074031641722   -0.4699610594827534
0.3255350621254878   0.6034887696304017   -0.4641660377883364
0.32906038736993765   0.6086990777671127   -0.45831501398464397
0.3326171486775916   0.6139382123980874   -0.4524082109375668
0.3362052184317897   0.6192060565003732   -0.44644585508642354
0.3398244670101384   0.6245024912117851   -0.4404281764294487
0.3434747627928121   0.6298273958385154   -0.4343554085090629
0.34715597217098604   0.6351806478628685   -0.4282277883969089
0.3508679595553972   0.6405621229511111   -0.42204555667866234
0.3546105873850284   0.6459716949614344   -0.41580895743862245
0.3583837161359217   0.6514092359520359   -0.40951823824407374
0.36218720433011864   0.6568746161893191   -0.40317365012942324
0.3660209085447208   0.6623677041562   -0.39677544758012306
0.36988468342107966   0.6678883665605349   -0.3903238885163641
0.3737783816741099   0.6734364683436609   -0.383819234276552
0.37770185410172236   0.6790118726890455   -0.3772617496005679
0.38165494959438456   0.6846144410310533   -0.37065170261280567
0.38563751514480077   0.6902440330638225   -0.36398936480499533
0.3896493958577139   0.6959005067502538   -0.3572750110188113
0.39369043495982936   0.7015837183311098   -0.3505089194282634
0.39776047380985713   0.7072935223342227   -0.3436913715218786
0.40185935190867667   0.7130297715838181   -0.33682265208466494
0.4059869069096183   0.7187923172099393   -0.3299030491798679
0.41014297462886345   0.7245810086579876   -0.3229328541305176
0.4143273890559627   0.7303956936983642   -0.3159123615007644
0.4185399823644729   0.7362362184362268   -0.3088418690770067
0.42278058492270576   0.7421024273213447   -0.30172167784881626
0.4270490253045969   0.7479941631580648   -0.29455209198965526
0.4313451303006891   0.7539112671153858   -0.28733341883738595
0.4356687249292256   0.7598535787371273   -0.2800659688745883
0.44001963244736364   0.7658209359522155   -0.27275005570866184
0.4443976743624944   0.7718131750850605   -0.2653859960517412
0.44880267044367866   0.7778301308660451   -0.2579741097004035
0.4532344387331951   0.783871636442114   -0.250514719515179
0.4576927955581941   0.7899375233874589   -0.24300815139987147
0.46217755554246565   0.7960276217143103   -0.23545473428067848
0.46668853161831747   0.8021417598838306   -0.22785480008511505
0.47122553503855524   0.808279764817098   -0.220208683720756
0.47578837538857693   0.8144414619061979   -0.21251672305377609
0.48037686059857226   0.8206266750254105   -0.2047792588873043
0.4849907969558245   0.8268352265424885   -0.19699663493959513
0.4896299891171237   0.833066937330044   -0.18916919782200298
0.49429424012127826   0.8393216267770178   -0.18129729701678257
0.49898335140173417   0.8455991128002527   -0.1733812848546972
0.5036971227992976   0.8518992118561605   -0.16542151649244438
0.5084353525749545   0.858221738952476   -0.15741834988990888
0.5131978374227967   0.8645665076601111   -0.1493721457872274
0.5179843724830475   0.8709333301250994   -0.14128326768167562
0.5227947513551833   0.8773220170806268   -0.1331520818043869
0.527628766111157   0.8837323778591593   -0.12497895709688736
0.5324862073087214   0.8901642204046594   -0.11676426518745675
0.5373668640048426   0.896617351284886   -0.10850838036732713
0.5422705237692157   0.903091575703788   -0.1002116795667009
0.5471969726978763   0.9095866975139866   -0.09187454233060052
0.5521459954268985   0.9161025192293357   -0.08349735079456044
0.5571173751461983   0.9226388420375795   -0.07508048966013742
0.5621108936134178   0.9291954658130839   -0.06662434617027368
0.5671263311679089   0.9357721891296593   -0.058129310084484104
0.5721634667448074   0.9423688092734679   -0.049595773653884484
0.5772220778891914   0.9489851222560044   -0.04102413159606852
0.5823019407703354   0.9556209228271688   -0.032414781069816656
0.587402830196049   0.9622760044884137   -0.023768121649652973
0.5925245196271034   0.9689501595059737   -0.015084555300247743
0.5976667811917432   0.9756431789241724   -0.006364486350667581
0.6028293857002882   0.9823548525788123   0.0023916785315322986
0.6080121026598114   0.9890849691106335   0.011183530366353889
0.6132147002889099   0.9958333159788602   0.02001065788756451
0.6184369455325496   1.0025996794748109   0.028872647569037013
0.6236786040769975   1.009383844735593   0.03776908365124523
0.6289394403648346   1.0161855957578683   0.04669954816790242
0.6342192176100423   1.023004715411688   0.05566362097273042
0.6395176978131745   1.0298409854544033   0.06466087976637991
0.644834641776606   1.0366941865446515   0.07369090012348731
0.6501698091198527   1.0435640982564018   0.08275325551985876
0.6555229582949734   1.0504504990930779   0.09184751735979771
0.6608938466020461   1.0573531665017524   0.10097325500356596
0.6662822302047113   1.0642718768873975   0.11013003579496433
0.6716878641457993   1.0712064056272164   0.11931742508905896
0.6771105023630171   1.0781565270850269   0.12853498628001833
0.6825498977047152   1.08512201462572   0.13778228082908792
0.6880058019457226   1.092102640629781   0.14705886829268677
0.6934779658032447   1.099098176507866   0.15636430635061854
0.6989661389528359   1.1061083927154498   0.1656981508344103
0.7044700700444377   1.1131330587675334   0.17505995575577207
0.7099895067184782   1.1201719432534047   0.1844492733351609
0.7155241956220394   1.127224813851466   0.19386565403047132
0.7210738824250917   1.1342914373441195   0.20330864656583725
0.7266383118367822   1.1413715796327044   0.21277779796053675
0.7322172276217918   1.1484650057524948   0.22227265355801396
0.7378103726167526   1.1555714798877568   0.23179275705501007
0.7434174887467183   1.1626907653868475   0.2413376505307876
0.7490383170417028   1.1698226247773857   0.25090687447647597
0.7546725976532652   1.1769668197814565   0.260499967824501
0.7603200698711601   1.1841231113308794   0.27011646797812594
0.7659804721400402   1.1912912595825285   0.27975591084109097
0.7716535420762096   1.1984710239336898   0.28941783084733774
0.7773390164844349   1.2056621630374789   0.29910176099083896
0.783036631374808   1.212864434818306   0.3088072328555196
0.788746121979654   1.2200775964873771   0.3185337766452585
0.7944672227704972   1.2273014045582538   0.3282809212139901
0.8001996674750703   1.2345356148624484   0.33804819409588804
0.8059431890943722   1.2417799825650686   0.3478351215356292
0.8116975199197747   1.2490342621805013   0.3576412285187489
0.8174623915501708   1.2562982075881393   0.36746603880206863
0.82323753490917   1.2635715720481477   0.3773090749442059
0.438034800682907   0.4181633440016915   -0.20558538418259598
0.44382967765504533   0.4254548039491111   -0.19570733328676632
0.4496340152475094   0.43275493917230445   -0.1858124957392402
0.45544754185557507   0.44006350061298616   -0.1759013534676023
0.4612699852858335   0.44738023867305315   -0.16597438944398205
0.46710107277363166   0.4547049032305779   -0.15603208765410878
0.4729405310005479   0.4620372436558349   -0.1460749330663027
0.47878808611189727   0.4693770088273504   -0.13610341160041384
0.48464346373428124   0.47672394714799743   -0.12611801009668286
0.49050638899316007   0.48407780656110794   -0.11611921628456093
0.49637658653046457   0.4914383345666229   -0.10610751875145985
0.5022537805222386   0.4988052782372715   -0.09608340691144812
0.5081376946963047   0.5061783842347687   -0.08604737097390447
0.5140280523499661   0.5135573988260478   -0.07599990191210929
0.5199245763677347   0.5209420678995189   -0.06594149143178776
0.5258269892390803   0.528332136981342   -0.055872631939616696
0.5317350130762108   0.5357273512517324   -0.04579381651167494
0.5376483696318769   0.5431274555612888   -0.03570553886185221
0.5435667803171931   0.5505321944473315   -0.025608293310227737
0.54948996621949   0.5579413121502769   -0.015502574751393355
0.5554176481201782   0.5653545526300151   -0.005388878622756388
0.561349546512638   0.572771659582316   0.0047322991272029935
0.5672853816201278   0.5801923764552516   0.014860462070707847
0.573224873413703   0.5876164464656263   0.02499511333248025
0.5791677416301586   0.5950436126154302   0.03513575562157653
0.5851137057899852   0.6024736177083057   0.04528189126324933
0.5910624852153339   0.6099062043660193   0.05543302223082297
0.5970137990479992   0.6173411150449533   0.06558865017760293
0.6029673662674144   0.6247780920526068   0.07574827646880483
0.6089229057086505   0.6322168775640997   0.0859114022134922
0.6148801360804301   0.6396572136386927   0.09607752829654045
0.6208387759831514   0.6470988422363138   0.10624615541061586
0.6267985439269095   0.6545415052340839   0.11641678408815465
0.6327591583495359   0.6619849444428604   0.12658891473337003
0.6387203376346312   0.66942890162377   0.13676204765425
0.6446818001296097   0.6768731185047581   0.1469356830945742
-0.91905134404101   -1.2807315240156782   -0.5617688968450532
-0.9130901601385496   -1.2732875626006996   -0.5515957557312539
-0.9071295380206444   -1.2658441163354448   -0.5414236114317577
-0.9011697593041845   -1.2584014434592354   -0.5312529636394477
-0.8952111055520307   -1.2509598021618502   -0.5210843119513388
-0.8892538582549743   -1.2435194505669807   -0.5109181558365677
-0.8832982988137015   -1.236080646715693   -0.5007549946043923
-0.8773447085207715   -1.2286436485499026   -0.4905953273722116
-0.8713933685425895   -1.221208713895842   -0.4804396530335816
-0.8654445599013995   -1.213776100447551   -0.4702884702262621
-0.8594985634572783   -1.2063460657503635   -0.46014227730026863
-0.8535556598901411   -1.1989188671844069   -0.45000157228594323
-0.8476161296817644   -1.1914947619481182   -0.4398668528620553
-0.8416802530978137   -1.184074007041764   -0.42973861632391513
-0.8357483101698888   -1.1766568592509734   -0.41961735955151186
-0.8298205806775866   -1.169243575130294   -0.4095035789776884
-0.8238973441305757   -1.1618344109867516   -0.39939777055633496
-0.8179788797506878   -1.1544296228634279   -0.3893004297306121
-0.812065466454035   -1.1470294665230654   -0.37921205140121994
-0.8061573828331352   -1.1396341974316726   -0.36913312989468305
-0.8002549071390695   -1.132244070742166   -0.35906415893169025
-0.7943583172636548   -1.1248593412780208   -0.349005631595462
-0.7884678907216383   -1.117480263516943   -0.3389580403001574
-0.7825839046329233   -1.110107091574572   -0.3289218767593361
-0.7767066357048139   -1.1027400791881998   -0.3188976319544533
-0.770836360214286   -1.0953794797005103   -0.30888579610340217
-0.7649733539902919   -1.0880255460433568   -0.2988868586291161
-0.7591178923960876   -1.0806785307215543   -0.28890130812821047
-0.7532702503115905   -1.0733386857967016   -0.27892963233967794
-0.7474307021157728   -1.0660062628710372   -0.2689723181136495
-0.7415995216690826   -1.0586815130713194   -0.25902985138020085
-0.7357769822958968   -1.0513646870327347   -0.24910271711821916
-0.729963356767016   -1.0440560348828478   -0.23919139932434094
-0.7241589172821835   -1.03675580622557   -0.22929638098193683
-0.7183639354526535   -1.0294642501251754   -0.2194181440301774
-0.7125786822837872   -1.0221816150903418   -0.2095571693331553
-0.7068034281576898   -1.014908149058228   -0.19971393664907572
-0.7010384428158933   -1.007644099378595   -0.18988892459952847
-0.6952839953420722   -1.0003897127979562   -0.1800826106388207
-0.6895403541448054   -0.9931452354437714   -0.17029547102338943
-0.6838077869403826   -0.9859109128086784   -0.1605279807812934
-0.6780865607356531   -0.9786869897347671   -0.1507806136817808
-0.6723769418109176   -0.9714737103978908   -0.14105384220493328
-0.6666791957028741   -0.9642713182920283   -0.1313481375114047
-0.6609935871876014   -0.9570800562136789   -0.12166396941222847
-0.6553203802636007   -0.9499001662463137   -0.1120018063387273
-0.6496598381348818   -0.9427318897448642   -0.10236211531250027
-0.6440122231940986   -0.9355754673202578   -0.09274536191550056
-0.6383777970057432   -0.928431138824008   -0.08315201026021529
-0.6327568202893876   -0.9212991433328465   -0.07358252295992905
-0.6271495529029789   -0.9141797191334048   -0.06403736109908417
-0.6215562538261956   -0.9070731037069533   -0.05451698420374852
-0.6159771811438541   -0.8999795337141845   -0.04502185021217324
-0.6104125920293739   -0.89289924498005   -0.03555241544545215
-0.6048627427283056   -0.885832472478658   -0.02610913457829596
-0.5993278885419107   -0.8787794503182135   -0.016692460609895154
-0.5938082838108093   -0.8717404117260257   -0.0073028448349069935
-0.5883041818986856   -0.8647155890335652   0.0020592631854593896
-0.5828158351760531   -0.8577052136615766   0.011393415652246774
-0.5773434950040919   -0.8507095161052581   0.020699166557431162
-0.5718874117185431   -0.8437287259194928   0.02997607171249775
-0.5664478346136693   -0.8367630717041397   0.039223688776900786
-0.5610250119262882   -0.8298127810893938   0.04844157728639466
-0.5556191908198671   -0.8228780807212015   0.05762929868125541
-0.5502306173686874   -0.8159591962467373   0.0667864163343793
-0.5448595365420832   -0.8090563522999532   0.07591249557924856
-0.5395061921887468   -0.802169772487186   0.08500710373778084
-0.5341708270211042   -0.7952996793728292   0.09406981014805157
-0.5288536825997706   -0.7884462944650805   0.103100186191876
-0.5235549993180701   -0.7816098382017447   0.11209780532227667
-0.51827501638664   -0.7747905299361173   0.12106224309080219
-0.5130139718181033   -0.7679885879229299   0.12999307717472244
-0.5077721024118197   -0.7612042293043644   0.13888988740408686
-0.502549643738719   -0.7544376700961485   0.1477522557886359
-0.49734683012620734   -0.7476891251737134   0.15657976654458222
-0.4921638946431534   -0.7409588082584259   0.16537200612125078
-0.48700106908496155   -0.7342469319039018   0.1741285632275651
-0.48185858395871894   -0.727553707482385   0.1828490288584017
-0.476736668468429   -0.7208793451712078   0.19153299632079127
-0.47163555050032846   -0.7142240539393253   0.20018006125997106
-0.46655545660828734   -0.7075880415339292   0.20878982168529242
-0.4614966119992957   -0.7009715144671373   0.21736187799597093
-0.45645924051903636   -0.6943746780027664   0.22589583300668648
-0.45144356463754226   -0.6877977361431773   0.23439129197303266
-0.4464498054349475   -0.6812408916162109   0.24284786261679928
-0.4414781825873224   -0.6747043458621986   0.25126515515110653
-0.4365289143525988   -0.6681882990210554   0.25964278230537835
-0.4316022175565909   -0.6616929499194613   0.26798035935014725
-0.4266983075791027   -0.655218496058123   0.27627750412170426
-0.4218173983401286   -0.6487651335991185   0.2845338370465845
-0.4169597022861528   -0.6423330573533352   0.2927489811658771
-0.41212543037653426   -0.6359224607679834   0.3009225621593831
-0.4073147920699965   -0.6295335359142098   0.30905420836958797
-0.40252799531120664   -0.6231664734747893   0.31714355082547535
-0.3977652465174524   -0.616821462731907   0.3251902232661666
-0.39302675056542097   -0.6104986915550371   0.33319386216437974
-0.38831271077807317   -0.6041983463889048   0.3411541067497211
-0.3836233289116152   -0.5979206122415396   0.34907059903180004
-0.37895880514257735   -0.5916656726724278   0.3569429838231579
-0.37431933805498807   -0.5854337097807502   0.3647709087620256
-0.36970512462765015   -0.5792249041937143   0.3725540243348994
-0.3651163602215249   -0.5730394350549874   0.38029198389892716
-0.36055323856721533   -0.5668774800132176   0.3879844437041176
-0.35601595175255274   -0.5607392152106493   0.3956310629153661
-0.3515046902102954   -0.554624815271847   0.40323150363428173
-0.34701964270592367   -0.5485344532924997   0.41078543092084335
-0.34256099632555126   -0.542468300828338   0.4182925128148496
-0.33812893646393805   -0.5364265278841414   0.4257524203571886
-0.3337236468126114   -0.5304093029028443   0.43316482761091507
-0.32934530934810136   -0.5244167927547504   0.4405294116821258
-0.32499410432028103   -0.5184491627268396   0.44784585274064703
-0.3206702102408174   -0.5125065765121763   0.45511383404052846
-0.3163738038717384   -0.5065891961994283   0.4623330419403284
-0.3121050602141077   -0.5006971822624793   0.46950316592321
-0.3078641524968114   -0.49483069355014736   0.47662389861683646
-0.303651252165464   -0.4889898872760124   0.4836949358130569
-0.29946652887142133   -0.48317491900833964   0.4907159764874013
-0.29531015046091513   -0.47738594266011847   0.49768672281835946
-0.2911822829642983   -0.4716231104791976   0.5046068802064646
-0.287083090585409   -0.46588657303853453   0.5114761572931649
-0.28301273569105084   -0.46017647922654714   0.5182942659794892
-0.2789713788005923   -0.4544929762375789   0.5250609214445027
-0.2749591785756803   -0.4488362095624632   0.5317758421635571
-0.2709762918100796   -0.4432063229792083   0.5384387499263212
-0.2670228734196259   -0.43760345854378496   0.5450493698546068
-0.2630990764323001   -0.4320277565810219   0.5516074304199803
-0.25920505197842814   -0.42647935567562245   0.5581126634611527
-0.2553409492809954   -0.42095839266328056   0.564564804201165
-0.25150691564608985   -0.4154650026219183   0.5709635912643453
-0.24770309645346406   -0.409999318863032   0.5773087666930561
-0.24392963514721994   -0.4045614729231479   0.5836000759642226
-0.24018667322662215   -0.39915159455540106   0.5898372680056326
-0.2364743502370316   -0.39376981172122005   0.5960200952120248
-0.2327928037609644   -0.38841625058212725   0.6021483134609528
-0.2291421694092805   -0.38309103549166085   0.6082216821284201
-0.22552258081249482   -0.37779428898740613   0.6142399641042974
-0.22193416961221424   -0.372526131783143   0.6202029258075161
-0.21837706545270846   -0.36728668276111787   0.6261103372010254
-0.21485139597260006   -0.36207605896442163   0.6319619718065365
-0.21135728679669102   -0.35689437558949666   0.6377576067190263
-0.20789486152791314   -0.3517417459787545   0.6434970226210193
-0.20446424173940844   -0.346618281613313   0.6491800037966404
-0.20106554696674325   -0.34152409210585805   0.6548063381454305
-0.19769889470024937   -0.3364592851936199   0.6603758171959354
-0.19436440037749503   -0.3314239667314688   0.6658882361190648
-0.19106217737589332   -0.3264182406851378   0.671343393741209
-0.18779233700543657   -0.3214422091245596   0.67674109255713
-0.18455498850156446   -0.3164959722173266   0.6820811387426152
-0.18135023901816866   -0.3115796282222769   0.6873633421668921
-0.17817819362072673   -0.3066932734831983   0.692587516404809
-0.17503895527956992   -0.3018370024226534   0.6977534787487812
-0.1719326248632899   -0.2970109075359356   0.7028610502204912
-0.16885930113227246   -0.292215079385138   0.7079100555823595
-0.16581908073237478   -0.2874496065933569   0.7129003233487671
-0.16281205818873118   -0.2827145758390109   0.7178316857970426
-0.15983832589969782   -0.2780100718502878   0.7227039789782097
-0.15689797413093443   -0.2733361773997196   0.7275170427274863
-0.15399109100962086   -0.2686929732988764   0.7322707206745479
-0.15111776251881098   -0.2640805383931914   0.7369648602535447
-0.14827807249192465   -0.2594989495569081   0.7415993127128756
-0.1454721026073778   -0.2549482816881583   0.7461739331247168
-0.14269993238334852   -0.2504286077041611   0.7506885803943077
-0.13996163917268323   -0.24593999853655168   0.7551431172689895
-0.13725729815794174   -0.24148252312683932   0.7595374103469982
-0.1345869823465798   -0.23705624842198808   0.7638713300860105
-0.13195076256627353   -0.2326612393701309   0.7681447508114423
-0.1293487074603795   -0.22829755891640507   0.7723575507245021
-0.12678088348353997   -0.22396526799892325   0.7765096119099908
-0.12424735489742389   -0.21966442554486842   0.7806008203438575
-0.12174818376660945   -0.2153950884667164   0.7846310659005052
-0.11928342995461019   -0.21115731165859386   0.7886002423598435
-0.11685315112003816   -0.2069511479927595   0.7925082474140945
-0.11445740271291013   -0.20277664831621522   0.7963549826743493
-0.11209623797109652   -0.19863386144745254   0.8001403536768663
-0.1097697079169091   -0.19452283417332117   0.8038642698891282
-0.10747786135383408   -0.19044361124603465   0.8075266447156375
-0.10522074486340441   -0.18639623538030275   0.8111273955034659
-0.1029984028022152   -0.18238074725059217   0.8146664435475515
-0.10081087729908372   -0.17839718548852523   0.8181437140957365
-0.09865820825234922   -0.1744455866804025   0.821559136353559
-0.09654043332731652   -0.17052598536485786   0.8249126434887892
-0.0944575879538446   -0.16663841403064866   0.8282041726357079
-0.0924097053240758   -0.16278290311457327   0.8314336648991353
-0.09039681639030839   -0.1589594809995185   0.8346010653582064
-0.0884189498630163   -0.15516817401264632   0.8377063230698851
-0.0864761322090078   -0.15140900642370353   0.8407493910722308
-0.0845683876497296   -0.14768200044346724   0.8437302263874068
-0.08269573815971751   -0.14398717622232426   0.8466487900244315
-0.08085820346518546   -0.1403245518489768   0.8495050469816793
-0.07905580104276477   -0.13669414334928703   0.8522989662491208
-0.0772885461183829   -0.13309596468524876   0.8550305208103093
-0.0755564516662878   -0.12953002775409161   0.8576996876441138
-0.07385952840821772   -0.12599634238752205   0.860306447726191
-0.07219778481271405   -0.12249491635109128   0.8628507860302058
-0.07057122709457786   -0.11902575534369719   0.8653326915287943
-0.06897985921447361   -0.11558886299722237   0.8677521571942681
-0.06742368287867298   -0.1121842408762968   0.8701091799990677
-0.06590269753894823   -0.10881188847820256   0.8724037609159527
-0.06441690039260523   -0.10547180323290306   0.8746359049179424
-0.06296628638266377   -0.10216398050320713   0.8768056209779969
-0.0615508481981821   -0.09888841358506911   0.8789129220684402
-0.060170576274723914   -0.09564509370801488   0.880957825160132
-0.05882545879497261   -0.09243401003570662   0.8829403512213778
-0.057515481689487   -0.08925514966663473   0.884860525216588
-0.056240628637604095   -0.08610849763494643   0.8867183761046764
-0.05500088106848308   -0.08299403691140234   0.8885139368372066
-0.053796218162296155   -0.07991174840446924   0.8902472443562806
-0.052626616851562225   -0.0768616109615432   0.8919183395921707
-0.05149205182262384   -0.07384360137030216   0.8935272674607007
-0.05039249551727035   -0.07085769436019679   0.8950740768603642
-0.049327918134501464   -0.06790386260406556   0.8965588206691961
-0.04829828763243835   -0.06498207671988876   0.8979815557413813
-0.04730356973037517   -0.062092305272669124   0.8993423429036153
-0.04634372791097541   -0.05923451477644498   0.900641246951206
-0.4364066030020438   -0.909099433912022   0.3091230941251609
-0.43551639486128   -0.9063054966669093   0.3102984421828303
-0.43466093985549753   -0.9035434276312377   0.3114121252806758
-0.4338401925456625   -0.9008131851379557   0.3124642240444078
-0.4330541052692374   -0.8981147254810855   0.31345482304505706
-0.43230262814323517   -0.895448002918525   0.31438401079355677
-0.4315857090674138   -0.8928129696749747   0.31525187973507285
-0.43090329372761427   -0.890209575944999   0.3160585262430814
-0.4302553255992412   -0.8876377698962208   0.3168040506131936
-0.4296417459508823   -0.8850974976726362   0.31748855705673246
-0.42906249384807216   -0.8825887033980682   0.31811215369405504
-0.42851750615719564   -0.8801113291797473   0.31867495254762596
-0.42800671754953246   -0.8776653151120174   0.3191770695348416
-0.42753006050544207   -0.8752505992801749   0.3196186244606035
-0.42708746531868935   -0.8728671177644345   0.31999974100964346
-0.4266788601009112   -0.8705148046440279   0.32032054673859917
-0.4263041707862201   -0.8681935920014205   0.32058117306784345
-0.4259633211359507   -0.8659034099266667   0.32078175527306435
-0.42565623274354314   -0.8636441865218898   0.32092243247659896
-0.42538282503956626   -0.8614158479058832   0.3210033476385209
-0.42514301529687903   -0.8592183182188471   0.3210246475474817
-0.4249367186359312   -0.857051519627249   0.3209864828113066
-0.42476384803019934   -0.8549153723288069   0.32088900784734664
-0.4246243143117638   -0.8528097945576034   0.32073238087258577
-0.4245180261770196   -0.8507347025893245   0.32051676389350564
-0.4244448901925275   -0.8486900107466233   0.32024232269570485
-0.4244048108009979   -0.8466756314046066   0.31990922683328016
-0.4243976903274135   -0.8446914749964513   0.31951764961796403
-0.42442342898528623   -0.84273745001914   0.31906776810802084
-0.4244819248830514   -0.840813463039326   0.318559763096903
-0.42457307403059297   -0.8389194186993159   0.31799381910167135
-0.424696770345907   -0.8370552197231793   0.3173701243511724
-0.4248529056618977   -0.8352207669229819   0.3166888707739796
-0.42504136973330653   -0.83341595920514   0.31595025398609844
-0.4252620502437749   -0.8316406935768945   0.31515447327843427
-0.42551483281303976   -0.8298948651529109   0.31430173160402486
-0.4257996010042615   -0.8281783671619998   0.3133922355650388
-0.4261162363314827   -0.8264910909539535   0.31242619539953975
-0.4264646182672192   -0.8248329260065097   0.31140382496801716
-0.42684462425018144   -0.8232037599324301   0.3103253417396864
-0.4272561296931263   -0.8216034784867028   0.3091909667785566
-0.42769900799083854   -0.8200319655738575   0.3080009247292682
-0.42817313052824135   -0.8184891032554059   0.3067554438027019
-0.42867836668863624   -0.8169747717573974   0.3054547557613583
-0.4292145838620706   -0.8154888494780898   0.3040990959045103
-0.4297816474538338   -0.814031212995741   0.3026887030531285
-0.4303794208930788   -0.8126017370765181   0.3012238195345831
1.1386868425631813   1.1538485661302949   1.0185829092781007
1.1380280670021845   1.155222103832913   1.0170097853550844
1.1373390030749397   1.1565678674656594   1.015382918629043
1.1366197951680876   1.157885989429359   1.0137025652954643
1.1358705895994035   1.1591766038956635   1.0119689849763869
1.1350915346084243   1.1604398467984556   1.0101824407037672
1.1342827803469515   1.161675855825143   1.0083431989026292
1.1334444788694322   1.1628847704078376   1.006451529373995
1.132576784123217   1.1640667317144187   1.0045077052776024
1.1316798519386995   1.1652218826394949   1.002512003114403
1.13075384001933   1.1663503677952467   1.00046470270885
1.129798907931516   1.1674523335021618   0.9983660871909716
1.128815217094398   1.168527927779663   0.9962164429782316
1.1278029307695077   1.1695773003366237   0.9940160597571818
1.1267622140503104   1.170600602561779   0.991765230464902
1.125693233851628   1.171597987514025   0.9894642512702355
1.1245961588989448   1.1725696099126146   0.9871134215548135
1.1234711597175995   1.173515626127246   0.9847130438938752
1.1223184086218616   1.1744361941680446   0.9822634240368882
1.121138079703889   1.1753314736754386   0.9797648708879536
1.1199303488225782   1.1762016259099342   0.9772176964860221
1.1186953935922976   1.1770468137417844   0.974622215984904
1.1174333933715075   1.1778672016405545   0.9719787476330752
1.1161445292512693   1.1786629556645836   0.9692876127532898
1.1148289840436487   1.17943424345035   0.966549135722001
1.1134869422699976   1.180181234201729   0.9637636439485711
1.1121185901491375   1.1809040986791548   0.9609314678543024
1.1107241155854282   1.1816030091886784   0.9580529408512695
1.1093037081567296   1.1822781395709328   0.9551283993209561
1.107857559102257   1.182929665189993   0.9521581825927068
1.1063858613103306   1.1835577629221419   0.9491426329219907
1.1048888093060163   1.1841626111445416   0.9460820954684714
1.1033665992386648   1.1847443897238026   0.9429769182738967
1.1018194288693468   1.185303280004462   0.9398274522398032
1.1002474975581813   1.1858394647973671   0.936634051105033
1.0986510062515646   1.1863531283679627   0.9333970714230732
1.097030157469299   1.1868444564244858   0.9301168725392167
1.0953851552916158   1.1873136361060697   0.9267938165675363
1.0937162053461023   1.1877608559707546   0.9234282683676898
1.0920235147945287   1.1881863059834088   0.920020595521543
1.090307292319577   1.1885901775035566   0.9165711683096254
1.0885677481114704   1.188972663273121   0.9130803596874039
1.0868050938545093   1.1893339574040764   0.9095485452613914
1.0850195427135096   1.1896742553660105   0.9059761032650872
1.0832113093201465   1.1899937539736043   0.9023634145347409
1.0813806097592036   1.1902926513740228   0.8987108624849574
1.0795276615547318   1.1905711470342197   0.8950188330841349
1.0776526836561109   1.1908294417281609   0.8912877148297356
1.0757558964240255   1.1910677375239607   0.8875178987233984
1.0738375216163476   1.1912862377709361   0.8837097782458921
1.0718977823739277   1.1914851470865813   0.8798637493319033
1.0699369032063022   1.1916646713434582   0.8759802103446733
1.0679551099773097   1.1918250176560063   0.8720595620504805
1.0659526298906203   1.1919663943672765   0.86810220759296
1.0639296914751806   1.1920890110355824   0.8641085524672802
1.0618865245705753   1.1921930784210755   0.860079004494168
1.0598233603122993   1.192278808472242   0.8560139737937748
1.0577404311169525   1.1923464143123268   0.8519138727594082
1.0556379706673507   1.1923961102256795   0.8477791160311146
1.0535162138975536   1.192428111644025   0.8436101204691087
1.051375396977814   1.1924426351326622   0.8394073051270717
1.04921575729945   1.1924398983765931   0.8351710912253095
1.0470375334596347   1.1924201201665738   0.8309019021237591
1.0448409652461115   1.1923835203850996   0.8266001632948732
1.0426262936218313   1.1923303199923165   0.8222663022963581
1.040393760709519   1.192260741011869   0.8179007487437902
1.0381436097761576   1.192175006516674   0.8135039342830839
1.0358760852174065   1.1920733406146307   0.8090762925628443
1.0335914325419444   1.1919559684342622   0.804618259206587
1.0312898983557401   1.1918231161102952   0.8001302717848261
1.0289717303462547   1.191675010769172   0.7956127697870441
1.0266371772665739   1.1915118805144984   0.7910661945935392
1.0242864889194712   1.1913339544124328   0.7864909894471438
1.021919916141405   1.1911414624770102   0.7818875994248308
1.0195377107864507   1.1909346356554067   0.777256471409204
1.0171401257101629   1.1907137058131447   0.7725980540598625
1.0147274147533782   1.190478905719238   0.7679127977846614
1.0122998327259547   1.1902304690312804   0.76320115471086
1.009857635390445   1.189968630280476   0.7584635786561507
1.0074010794457118   1.1896936248566152   0.7537005250995886
1.004930422510486   1.1894056889929943   0.748912451152415
1.0024459231068585   1.1891050597512811   0.7440998155287672
0.9999478406437192   1.1887919750063285   0.7392630785162947
0.9974364354001417   1.1884666734309353   0.7344027019466738
0.9949119685087041   1.1881293944805547   0.729519149166016
0.992374701938763   1.1877803783779564   0.7246128850051875
0.989824898479669   1.1874198660978348   0.7196843757500287
0.987262821723934   1.187048099351372   0.7147340891114862
0.9846887360503411   1.186665320570753   0.7097624941956433
0.9821029066070093   1.1862717728936343   0.7047700614736709
0.9795055992944084   1.1858677001475686   0.6997572627516898
0.9768970807483219   1.1854533468343826   0.694724571140539
0.9742776183227658   1.1850289581145148   0.6896724610254701
0.9716474800728638   1.184594779791309   0.684601408035759
0.9690069347376706   1.1841510582952666   0.6795118890142287
0.966356251722957   1.1836980406682607   0.6744043819867052
0.9636957010839537   1.1832359745477097   0.6692793661313966
0.9610255535080454   1.1827651081507102   0.6641373217481866
0.9583460802974322   1.1822856902581382   0.6589787302278705
0.9556575533517514   1.181797970198711   0.653804074021318
0.9529602451506539   1.1813021978330116   0.6486138366085589
0.9502544287363498   1.1807986235374848   0.6434085024678113
0.9475403776961198   1.180287498188396   0.6381885570444509
0.9448183661447824   1.1797690731457584   0.632954486719902
0.9420886687071369   1.1792436002372315   0.6277067787804828
0.93935156050037   1.1787113317419864   0.6224459213861905
0.9366073171164283   1.1781725203745448   0.617172403539422
0.9338562146043641   1.1776274192685896   0.6118867150536502
0.9310985294526528   1.1770762819607468   0.6065893465220467
0.9283345385714762   1.1765193623743448   0.6012807892860472
0.9255645192749853   1.1759569148031457   0.595961535403879
0.922788749263533   1.1753891938950547   0.5906320776190338
0.920007506605886   1.1748164546358066   0.5852929093287075
0.9172210697214074   1.1742389523326304   0.5799445245521831
0.9144297173622216   1.1736569425978935   0.5745874178991864
0.911633728595358   1.1730706813327256   0.5692220845382016
0.9088333827848706   1.172480424710626   0.5638490201647433
0.9060289595739406   1.1718864291610505   0.5584687209696034
0.9032207388669653   1.171288951352985   0.5530816836070668
0.9004090008116215   1.1706882481785017   0.5476884051630865
0.8975940257809203   1.1700845767363015   0.542289383123443
0.8947760943552473   1.1694781943152437   0.5368851153418756
0.8919554873043839   1.168869358377863   0.5314761000081822
0.8891324855695222   1.1682583265438755   0.5260628356163065
0.8863073702452681   1.1676453565736742   0.5206458209324059
0.8834804225616302   1.1670307063518164   0.5152255549628918
0.880651923866005   1.1664146338705033   0.5098025369224657
0.8778221556051541   1.1657973972130504   0.5043772662021394
0.8749913993071705   1.1651792545373547   0.4989502423372372
0.8721599365634444   1.1645604640593568   0.4935219649753958
0.8693280490106255   1.1639412840364969   0.48809293384455915
0.8664960183125766   1.1633219727511719   0.4826636487209569
0.8636641261423312   1.1627027884941872   0.47723460939709184
0.860832654164048   1.1620839895482105   0.4718063156497185
0.858001884014968   1.161465834171225   0.4663792672078305
0.8551720972873689   1.1608485805799846   0.4609539637206392
0.8523435755105264   1.160232486933471   0.45553090472556745
0.8495166001326819   1.159617811316357   0.45011058961625217
0.8466914525030049   1.1590048117224692   0.44469351761054154
0.843868413853574   1.1583937460382623   0.43928018771851934
0.8410477652813602   1.1577848720262993   0.4338710987105399
0.8382297877302156   1.1571784473087356   0.4284667490852667
0.8354147619728759   1.156574729350814   0.42306763703773986
0.8326029685929771   1.155973975444375   0.4176742604274659
0.8297946879670748   1.1553764426913697   0.41228711674651414
0.8269902002466838   1.154782387987389   0.406906703087648
0.8241897853403342   1.1541920680052096   0.401533516112486
0.8213937228956343   1.1536057391783463   0.3961680520196743
0.8186022922813574   1.1530236576846262   0.39081080651310246
0.8158157725695467   1.1524460794297766   0.3854622747701505
0.8130344425176329   1.1518732600310302   0.38012295140995905
0.8102585805505776   1.1513054548007502   0.37479333046174573
0.8074884647430388   1.1507429187300735   0.3694739053331588
0.8047243728015521   1.1501859064725748   0.36416516877866145
0.8019665820467421   1.1496346723279534   0.35886761286796703
0.7992153693955579   1.1490894702257406   0.35358172895451884
0.7964710113435287   1.1485505537090335   0.34830800764400527
0.7937337839470539   1.1480181759182506   0.3430469387629348
0.7910039628057156   1.1474925895749157   0.3377990113272529
0.7882818230446257   1.1469740469654675   0.3325647135110186
0.7855676392967965   1.146462799925096   0.3273445326151241
0.782861685685549   1.145959099821612   0.32213895503607914
0.7801642358069524   1.1454631975393392   0.3169484662348539
0.7774755627122937   1.1449753434630456   0.31177355070577273
0.774795938890587   1.1444957874619008   0.3066146919454783
0.7721256362511174   1.1440247788734692   0.3014723724219602
0.7694649261060195   1.1435625664877354   0.29634707354364
0.7668140791528967   1.1431093985311678   0.29123927562853413
0.7641733654574816   1.1426655226508142   0.2861494578734849
0.7615430544363313   1.1422311858984384   0.2810780983234564
0.7589234148395689   1.1418066347146918   0.27602567384091165
0.756314714733668   1.141392114913326   0.2709926600752656
0.7537172214842763   1.140987871665445   0.26597953143240827
0.7511312017390886   1.1405941494837988   0.2609867610443146
0.748556921410767   1.1402111922071199   0.25601482073873827
0.7459946456599   1.1398392429844992   0.2510641810089761
0.7434446388780191   1.1394785442598117   0.24613531098373176
0.7409071646706624   1.1391293377561849   0.24122867839706488
0.7383824858404825   1.1387918644605108   0.23634474955841858
0.7358708643704123   1.138466364608008   0.23148398932274886
0.7333725614068844   1.1381530776668336   0.22664686106074972
0.7308878372430967   1.1378522423227402   0.22183382662915993
0.7284169513023385   1.137564096463783   0.21704534634117825
0.7259601621213718   1.137288877165083   0.21228187893697364
0.7235177273338692   1.1370268206736394   0.20754388155430076
0.721089903653906   1.136778162393191   0.20283180969920656
0.7186769468595156   1.1365431368691374   0.19814611721685182
0.7162791117763051   1.1363219777735152   0.1934872562624415
0.713896652261128   1.136114917890025   0.1888556772722496
0.7115298211858213   1.1359221890991194   0.1842518289347665
0.7091788704210075   1.135744022363149   0.17967615816195714
0.7068440508199566   1.135580647711564   0.17512911006062432
0.7045256122025162   1.1354322942261805   0.1706111279038966
0.7022238033391088   1.135299190026501   0.1661226531028328
0.6999388719347921   1.1351815622551038   0.16166412517813894
0.6976710646133908   1.1350796370630896   0.15723598173201292
0.6954206269016989   1.1349936395955929   0.15283865842011296
0.6931878032137478   1.1349237939773598   0.14847258892364257
0.690972836835149   1.1348703232983892   0.14413820492157037
0.6887759699075096   1.1348334495996402   0.13983593606297678
0.6865974434129181   1.134813393858808   0.13556620993952517
0.6844374971585063   1.1348103759761676   0.13132945205807023
0.6822963697610889   1.1348246147604848   0.12712608581340173
0.289186419052441   0.2821655636994154   -0.469798710057647
0.2870836403818191   0.28221496780789557   -0.4739340314281358
0.28500038912423714   0.28228227832076025   -0.4780347039204382
0.2829368989831436   0.28236770954127777   -0.4821003128578986
0.28089340239601546   0.28247147461183714   -0.48613044581016585
0.2788701305194686   0.28259378550029307   -0.49012469261961134
0.2768673132144501   0.2827348529863857   -0.4940826454276037
0.27488517903151   0.28289488664823886   -0.49800389870064193
0.2729239551961615   0.28307409484893287   -0.5018880492563331
0.27098386759432397   0.2832726847231551   -0.5057346962892204
0.2690651407578504   0.28349086216393216   -0.5095434413964628
0.267167997850144   0.28372883180943775   -0.5133138886033581
0.2652926606518631   0.2839867970298848   -0.5170456443887059
0.26343934954670917   0.2842649599144937   -0.520738317710026
0.26160828350731147   0.2845635212585488   -0.524391520028604
0.25979968008119936   0.28488268055053434   -0.5280048653343818
0.2580137553768616   0.28522263595935154   -0.5315779701706935
0.2562507240499048   0.28558358432162706   -0.5351104536588246
0.2545107992893022   0.2859657211291007   -0.5386019375224135
0.2527941928037334   0.28636924051610224   -0.5420520461116883
0.25110111480802244   0.28679433524711273   -0.5454604064275317
0.2494317740096731   0.2872411967044184   -0.5488266481453715
0.24778637759549466   0.2877100148758477   -0.5521504036389121
0.24616513121833053   0.28820097834260083   -0.5554313080036832
0.24456823898388422   0.2887142742671674   -0.5586689990804142
0.24299590343764182   0.28925008838133826   -0.5618631174782396
0.24144832555189696   0.28980860497430466   -0.565013306597721
0.23992570471287583   0.29039000688085365   -0.5681192126536926
0.23842823870796437   0.2909944754696534   -0.5711804846979244
0.23695612371303573   0.2916221906316357   -0.5741967746416079
0.2355095542798837   0.2922733307684708   -0.5771677372776549
0.23408872332375924   0.29294807278113694   -0.580093030302811
0.23269382211101036   0.29364659205859023   -0.5829723143395877
0.23132504024682962   0.29436906246652694   -0.5858052529580029
0.2299825656631081   0.2951156563362439   -0.5885915126971322
0.22866658460639427   0.2958865444536007   -0.5913307630864747
0.22737728162596305   0.2966818960480777   -0.5940226766671225
0.22611483956199357   0.29750187878193257   -0.5966669290127381
0.22487943953385453   0.2983466587394626   -0.5992631987503405
0.22367126092850162   0.29921640041636277   -0.601811167580892
0.22249048138898567   0.3001112667091867   -0.6043105202996895
0.22133727680307147   0.30103141890491303   -0.6067609448165587
0.22021182129197006   0.30197701667061194   -0.6091621321758478
0.21911428719918444   0.302948218043215   -0.6115137765762182
0.21804484507946742   0.30394517941939275   -0.6138155753902382
0.21700366368789603   0.30496805554553447   -0.6160672291837693
0.21599090996906087   0.30601699950783356   -0.6182684417351474
0.21500674904636985   0.30709216272248213   -0.6204189200541623
0.21405134421147062   0.3081936949259696   -0.6225183744008269
0.21312485691378916   0.3093217441654908   -0.6245665183039388
0.21222744675018718   0.3104764567894591   -0.6265630685794318
0.21135927145473704   0.31165797743813467   -0.6285077453485198
0.21052048688861721   0.31286644903435595   -0.6304002720556258
0.2097112470301274   0.3141020127743823   -0.6322403754860979
0.20893170396482336   0.3153648081188514   -0.6340277857837148
0.20818200787577462   0.3166549727838439   -0.635762236467972
0.20746230703394258   0.31797264273205794   -0.6374434644511541
0.2067727477886821   0.31931795216410375   -0.6390712100551892
0.20611347455836543   0.32069103350990313   -0.6406452170282854
-1.3642099783836226   -1.6429568433926058   -1.3610434506723288
-1.3648082540989994   -1.6415278280545929   -1.362509225415148
-1.365375822222107   -1.6400706542214576   -1.3639205134923882
-1.3659125461497768   -1.6385851966297273   -1.3652770725193273
-1.366418291254833   -1.6370713318278907   -1.3665786636173909
-1.3668929248947181   -1.6355289381843072   -1.3678250514294528
-1.3673363164199905   -1.6339578958950014   -1.369016004134914
-1.3677483371826946   -1.6323580869913343   -1.3701512934645537
-1.3681288605446016   -1.630729395347564   -1.3712306947151536
-1.368477761885323   -1.6290717066882836   -1.3722539867638925
-1.3687949186102943   -1.6273849085957433   -1.3732209520825136
-1.3690802101586292   -1.6256688905170502   -1.3741313767512584
-1.369333518010841   -1.6239235437712511   -1.3749850504725702
-1.3695547256964393   -1.6221487615562995   -1.3757817665845722
-1.369743718801388   -1.6203444389558912   -1.3765213220743002
-1.3699003849754374   -1.6185104729461897   -1.3772035175907127
-1.3700246139393186   -1.6166467624024232   -1.3778281574574587
-1.3701162974918137   -1.6147532081053686   -1.3783950496854185
-1.3701753295166832   -1.612829712747702   -1.3789040059849982
-1.370201605989463   -1.610876180940233   -1.379354841778193
-1.3701950249841353   -1.608892519218022   -1.3797473762104162
-1.370155486679652   -1.60687863604636   -1.380081432162081
-1.3700828933663305   -1.6048344418266367   -1.380356836259947
-1.3699771494521162   -1.6027598489020796   -1.3805734188882306
-1.3698381614687056   -1.6006547715633723   -1.3807310141994715
-1.3696658380775315   -1.5985191260541396   -1.3808294601251514
-1.3694600900756175   -1.5963528305763188   -1.3808685983860833
-1.3692208304012914   -1.594155805295396   -1.380848274502549
-1.3689479741397632   -1.5919279723455244   -1.3807683378041946
-1.3686414385285646   -1.5896692558345096   -1.3806286414396856
-1.368301142962851   -1.587379581848672   -1.3804290423861112
-1.3679270090005669   -1.5850588784575843   -1.3801694014581507
-1.3675189603674673   -1.5827070757186763   -1.3798495833169875
-1.367076922962009   -1.5803241056817166   -1.37946945647898
-1.3666008248600947   -1.57790990239317   -1.379028893324086
-1.3660905963196819   -1.575464401900415   -1.3785277701040373
-1.3655461697852496   -1.5729875422558466   -1.3779659669502677
-1.3649674798921283   -1.5704792635208449   -1.377343367881593
-1.3643544634706855   -1.567939507769611   -1.3766598608116405
-1.3637070595503729   -1.5653682190928815   -1.3759153375560293
-1.363025209363633   -1.5627653436015074   -1.3751096938393013
-1.3623088563496655   -1.5601308294299119   -1.3742428293016034
-1.3615579461580465   -1.5574646267394054   -1.3733146475051132
-1.3607724266522145   -1.5547666877213833   -1.3723250559402191
-1.3599522479128086   -1.5520369666003897   -1.3712739660314492
-1.3590973622408666   -1.549275419637046   -1.370161293143141
-1.3582077241608812   -1.5464820051308543   -1.3689869565848662
-1.3572832904237138   -1.5436566834228727   -1.3677508796166018
-1.3563240200093636   -1.5407994168982502   -1.3664529894536412
-1.3553298741295963   -1.5379101699886388   -1.3650932172712622
-1.3543008162304304   -1.5349889091744762   -1.363671498209134
-1.3532368119944767   -1.532035602987125   -1.3621877713754715
-1.3521378293431379   -1.5290502220108948   -1.3606419798509377
-1.3510038384386645   -1.526032738884927   -1.3590340706922905
-1.3498348116860643   -1.522983128304943   -1.357363994935773
-1.3486307237348718   -1.5199013670248684   -1.3556317076002495
-1.3473915514807728   -1.5167874338583238   -1.3538371676900913
-1.346117274067082   -1.5136413096799781   -1.3519803381977993
-1.3448078728860806   -1.5104629774267753   -1.3500611861063745
-1.3434633315802105   -1.5072524220990302   -1.3480796823914367
-1.3420836360431188   -1.504009630761386   -1.3460358020230807
-1.3406687744205632   -1.5007345925436433   -1.3439295239674807
-1.3392187371111701   -1.497427298641458   -1.3417608311882374
-1.3377335167670532   -1.4940877423169063   -1.3395297106474726
-1.3362131082942799   -1.4907159188989125   -1.3372361533066595
-1.3346575088531991   -1.4873118257835507   -1.3348801541272035
-1.333066717858626   -1.4838754624342134   -1.3324617120707687
-1.3314407369798749   -1.4804068303816418   -1.3299808300993385
-1.3297795701406545   -1.4769059332238292   -1.3274375151750293
-1.3280832235188182   -1.4733727766257951   -1.3248317782596448
-1.3263517055459657   -1.4698073683192137   -1.3221636343139722
-1.3245850269069024   -1.4662097181019251   -1.319433102296823
-1.3227832005389593   -1.462579837837307   -1.316640205163823
-1.3209462416311586   -1.4589177414535113   -1.3137849698659354
-1.3190741676232438   -1.4552234449425732   -1.3108674273477379
-1.3171669982045633   -1.451496966359392   -1.3078876125454413
-1.3152247553128058   -1.4477383258205643   -1.3048455643846477
-1.3132474631325968   -1.443947545503103   -1.301741325777859
-1.3112351480939506   -1.440124649643016   -1.2985749436217298
-1.3091878388705742   -1.4362696645337494   -1.2953464687940581
-1.3071055663780318   -1.4323826185245057   -1.292055956150529
-1.3049883637717654   -1.4284635420184304   -1.2887034645212017
-1.3028362664449682   -1.4245124674706575   -1.2852890567067377
-1.3006493120263187   -1.4205294293862352   -1.2818127994743773
-1.298427540377571   -1.4165144643179168   -1.278274763553667
-1.296170993590999   -1.4124676108638137   -1.2746750236319235
-1.293879715986701   -1.4083889096649262   -1.2710136583494496
-1.2915537541097595   -1.4042784034025386   -1.2672907502944966
-1.2891931567272619   -1.400136136795488   -1.2635063859979774
-1.2867979748251728   -1.3959621565972948   -1.259660655927916
-1.2843682616050691   -1.3917565115931674   -1.2557536544836556
-1.2819040724807342   -1.387519252596885   -1.2517854799898134
-1.279405465074603   -1.3832504324475308   -1.247756234689976
-1.276872499214074   -1.3789501060061136   -1.2436660247401523
-1.2743052369276768   -1.3746183301520547   -1.2395149602019757
-1.271703742441096   -1.370255163779539   -1.2353031550356466
-1.2690680821730569   -1.3658606677937444   -1.231030727092636
-1.2663983247310733   -1.3614349051069397   -1.2266977981081348
-1.2636945409070495   -1.3569779406344564   -1.2223044936932572
-1.2609568036727457   -1.3524898412905262   -1.2178509433269866
-1.2581851881751036   -1.3479706759839964   -1.2133372803478895
-1.255379771731432   -1.3434205156139147   -1.2087636419455663
-1.2525406338244534   -1.3388394330649889   -1.204130169151867
-1.249667856097213   -1.3342275032029147   -1.1994370068318545
-1.2467615223478468   -1.329584802869582   -1.194684303674523
-1.2438217185242133   -1.3249114108781488   -1.189872212183272
-1.2408485327183898   -1.3202074080079984   -1.1850008886661427
-1.2378420551610256   -1.3154728769995576   -1.1800704932257946
-1.2348023782155637   -1.3107079025489992   -1.1750811897492548
-1.2317295963723218   -1.3059125713028152   -1.1700331458974176
-1.228623806242442   -1.3010869718522695   -1.1649265330943055
-1.2254851065516985   -1.2962311947277163   -1.1597615265160819
-1.2223135981341726   -1.291345332392803   -1.1545383050798326
-1.2191093839257974   -1.2864294792385502   -1.1492570514321054
-1.2158725689577574   -1.2814837315772993   -1.1439179519372042
-1.2126032603497627   -1.2765081876365434   -1.138521196665251
-1.2093015673031893   -1.2715029475526398   -1.1330669793800154
-1.205967601094077   -1.2664681133643871   -1.127555497526492
-1.2026014750660043   -1.2614037890064917   -1.1219869522182566
-1.1992033046228299   -1.2563100803029137   -1.116361548224584
-1.1957732072212934   -1.2511870949600794   -1.1106794939573246
-1.1923113023634944   -1.2460349425599846   -1.1049410014575543
-1.188817711589237   -1.2408537345531792   -1.0991462863819959
-1.1852925584682419   -1.235643584251619   -1.0932955679891945
-1.1817359685922295   -1.2304046068214105   -1.087389069125475
-1.178148069566878   -1.2251369192754367   -1.0814270162106705
-1.1745289910036438   -1.2198406404658533   -1.0754096392236085
-1.170878864511459   -1.2145158910764777   -1.069337171687381
-1.1671978236883045   -1.209162793615063   -1.0632098506543894
-1.163486004112645   -1.2037814724054403   -1.0570279166911491
-1.1597435433347458   -1.1983720535795588   -1.050791613862882
-1.1559705808678644   -1.192934665069409   -1.0445011897178853
-1.1521672581793065   -1.187469436598819   -1.0381568952716647
-1.1483337186813671   -1.1819764996751496   -1.0317589849908573
-1.1444701077221409   -1.1764559875808656   -1.0253077167769284
-1.1405765725762147   -1.170908035365005   -1.018803351949655
-1.1366532624352272   -1.165332779834516   -1.012246155230375
-1.1327003283983132   -1.1597303595454995   -1.0056363947250333
-1.128717923462427   -1.1541009147943349   -0.9989743419070102
-1.1247062025125352   -1.1484445876086848   -0.9922602715997207
-1.1206653223116967   -1.1427615217384006   -0.985494461959013
-1.1165954414910229   -1.1370518626463166   -0.9786771944553535
-1.1124967205395095   -1.1313157574989234   -0.9718087538557854
-1.1083693217937587   -1.1255533551569439   -0.9648894282056897
-1.10421340942758   -1.1197648061658012   -0.9579195088103374
-1.1000291494414691   -1.1139502627459654   -0.9508992902162172
-1.095816709651975   -1.1081098787832055   -0.9438290701921714
-1.0915762596809524   -1.1022438098187362   -0.9367091497103237
-1.087307970944689   -1.0963522130392442   -0.9295398329267883
-1.083012016642927   -1.0904352472668226   -0.9223214271621896
-1.0786885717477699   -1.0844930729488007   -0.9150542428819798
-1.074337812992468   -1.078525852147456   -0.9077385936765371
-1.069959918860099   -1.072533748529637   -0.9003747962410841
-1.0655550695721354   -1.0665169273562813   -0.8929631703554012
-1.0611234470768947   -1.060475555471821   -0.8855040388633322
-1.0566652350378847   -1.0544098012934975   -0.8779977276521055
-1.0521806188220415   -1.0483198348005767   -0.8704445656314628
-1.0476697854878472   -1.0422058275234507   -0.8628448847125774
-1.0431329237733509   -1.036067952532655   -0.8551990197867962
-1.0385702240840748   -1.0299063844277772   -0.8475073087041844
-1.0339818784808208   -1.0237212993262785   -0.839770092251886
-1.0293680806673606   -1.0175128748522018   -0.8319877141322831
-1.024729025978028   -1.0112812901247963   -0.8241605209409814
-1.0200649113652092   -1.0050267257470475   -0.8162888621446114
-1.0153759353867189   -0.9987493637940984   -0.8083730900584294
-1.010662298193083   -0.9924493878015879   -0.8004135598237528
-1.0059242015147196   -0.9861269827539002   -0.7924106293852143
-1.0011618486490088   -0.9797823350723022   -0.7843646594678179
-0.9963754444472714   -0.9734156326030068   -0.7762760135538365
-0.9915651953016503   -0.9670270646051431   -0.7681450578595312
-0.9867313091318793   -0.9606168217386217   -0.7599721613116796
-0.9818739953719683   -0.9541850960519265   -0.7517576955239433
-0.9769934649567887   -0.9477320809698144   -0.7435020347730725
-0.9720899303085536   -0.9412579712809157   -0.735205555974911
-0.9671636053232129   -0.9347629631252601   -0.72686863866026
-0.9622147053567509   -0.9282472539817114   -0.7184916649505648
-0.9572434472113895   -0.9217110426553163   -0.7100750195334298
-0.9522500491216959   -0.9151545292645649   -0.7016190896379739
-0.9472347307406073   -0.9085779152285751   -0.6931242650100307
-0.9421977131253529   -0.9019814032541844   -0.6845909378871685
-0.9371392187232981   -0.8953651973229687   -0.6760195029735728
-0.9320594713576882   -0.8887295026781686   -0.6674103574147512
-0.9269586962133151   -0.8820745258115472   -0.6587639007720999
-0.921837119822085   -0.8754004744501548   -0.6500805349972967
-0.9166949700485106   -0.8687075575430272   -0.6413606644065575
-0.9115324760751132   -0.8619959852477967   -0.6326046956547334
-0.9063498683877363   -0.8552659689172277   -0.623813037709255
-0.9011473787607825   -0.8485177210856769   -0.6149861018239331
-0.8959252402423685   -0.8417514554554827   -0.6061243015126214
-0.8906836871393884   -0.8349673868832668   -0.5972280525227107
-0.8854229550025061   -0.8281657313661719   -0.5882977728085026
-1.271131160190502   -1.6740374702436165   -1.1720891250232004
-1.265832781537367   -1.6672012933210347   -1.1630920464169354
-1.2605159378136526   -1.6603481841494085   -1.1540622039222894
-1.2551808693934232   -1.6534783631488834   -1.1450000240520648
-1.2498278178182805   -1.6465920518102206   -1.1359059353907104
-1.244457025781894   -1.6396894726806146   -1.1267803685668698
-1.239068737114457   -1.632770849349439   -1.117623756225801
-1.2336631967670575   -1.6258364064339144   -1.1084365330016461
-1.2282406507959902   -1.618886369564721   -1.0992191354895942
-1.2228013463469973   -1.6119209653715523   -1.0899720022179178
-1.2173455316394268   -1.6049404214685832   -1.0806955736198653
-1.2118734559503352   -1.5979449664398953   -1.0713902920054528
-1.206385369598522   -1.5909348298248362   -1.0620566015331334
-1.2008815239284847   -1.583910242103307   -1.052694948181331
-1.1953621712943228   -1.5768714346810002   -1.0433057797198773
-1.189827565043568   -1.569818639874574   -1.0338895456813213
-1.1842779595009587   -1.5627520908967758   -1.0244466973321407
-1.1787136099521403   -1.5556720218414906   -1.0149776876438166
-1.1731347726273134   -1.5485786676687492   -1.0054829712638234
-1.1675417046848233   -1.5414722641896825   -0.9959630044865078
-1.1619346641946775   -1.5343530480514027   -0.9864182452238439
-1.1563139101220166   -1.5272212567218477   -0.9768491529761045
-1.150679702310528   -1.5200771284745753   -0.9672561888024299
-1.145032301465792   -1.5129209023734855   -0.9576398152912781
-1.1393719691385826   -1.5057528182575126   -0.9480004965307955
-1.1336989677081175   -1.4985731167252638   -0.9383386980790936
-1.1280135603652395   -1.4913820391195964   -0.9286548869344091
-1.12231601109556   -1.4841798275121607   -0.9189495315051933
-1.1166065846625515   -1.4769667246878977   -0.9092231015801115
-1.1108855465905778   -1.4697429741294754   -0.8994760682979318
-1.105153163147887   -1.4625088200016938   -0.8897089041173502
-1.0994097013295578   -1.4552645071358512   -0.8799220827867293
-1.0936554288403868   -1.4480102810140458   -0.870116079313735
-1.0878906140777418   -1.4407463877534556   -0.860291369934912
-1.0821155261143722   -1.4334730740905774   -0.8504484320851815
-1.0763304346811629   -1.4261905873654082   -0.8405877443672416
-1.0705356101498584   -1.418899175505607   -0.8307097865209148
-1.0647313235157418   -1.4115990870106083   -0.8208150393924095
-1.058917846380276   -1.4042905709357099   -0.8109039849035251
-1.0530954509336985   -1.3969738768761053   -0.8009771060207638
-1.0472644099375865   -1.3896492549509005   -0.7910348867243968
-1.0414249967073872   -1.3823169557870956   -0.7810778119774668
-1.0355774850949002   -1.3749772305035168   -0.771106367694704
-1.0297221494707371   -1.3676303306947364   -0.7611210407114045
-1.0238592647067497   -1.3602765084149573   -0.7511223187522489
-1.01798910615841   -1.3529160161618574   -0.7411106904000423
-1.0121119496471773   -1.345549106860417   -0.7310866450644213
-1.0062280714428296   -1.338176033846722   -0.7210506729505075
-1.000337748245757   -1.3307970508517226   -0.7110032650274892
-0.9944412571692403   -1.3234124119849857   -0.7009449129971748
-0.9885388757217015   -1.3160223717184183   -0.6908761092624998
-0.9826308817889177   -1.3086271848699562   -0.6807973468959676
-0.976717553616222   -1.3012271065872445   -0.6707091196080689
-0.9707991697906835   -1.2938223923312968   -0.6606119217156586
-0.9648760092232505   -1.2864132978601188   -0.6505062481102755
-0.9589483511308872   -1.27900007921233   -0.6403925942264432
-0.9530164750186902   -1.271582992690764   -0.6302714560099394
-0.947080660661974   -1.2641622948460398   -0.6201433298860083
-0.9411411880883515   -1.2567382424601319   -0.6100087127275654
-0.9351983375597985   -1.2493110925299233   -0.5998681018233731
-0.9292523895546912   -1.2418811022507328   -0.5897219948461683
-0.9233036247498433   -1.2344485289998437   -0.5795708898207889
-0.917352324002521   -1.227013630320012   -0.569415285092264
-0.911398768332457   -1.2195766639029764   -0.5592556792938979
-0.9054432389038387   -1.2121378875729343   -0.5490925713153103
-0.8994860170072998   -1.204697559270036   -0.5389264602704849
-0.8935273840419027   -1.1972559370338578   -0.5287578454657971
-0.887567621497106   -1.1898132789868705   -0.5185872263680195
-0.8816070109347321   -1.1823698433179   -0.5084151025723248
-0.8756458339709345   -1.1749258882655926   -0.4982419737702885
-0.8696843722581484   -1.1674816721018655   -0.48806833971786434
0.7059717007377005   0.8050114076974448   0.24098351790760691
0.711932886936228   0.8124553712178891   0.2511566630954813
0.7178935128891601   0.8198988209998185   0.26132881419973863
0.7238532969793602   0.8273414988036831   0.27149947152705806
0.7298119576436221   0.8347831464393886   0.2816681354798122
0.7357692133907137   0.842223505782839   0.2918343065880814
0.7417247828194068   0.8496623187924722   0.3019974855416474
0.7476783846365016   0.8570993275257839   0.31215717322197345
0.7536297376748542   0.8645342741558646   0.32231287073419357
0.7595785609113863   0.8719669009879103   0.332464079439067
0.765524573485084   0.8793969504757266   0.3426103009849154
0.7714674947149984   0.8868241652382388   0.35275103733956337
0.7774070441182244   0.894248288075975   0.36288579082223726
0.7833429414278636   0.9016690619875379   0.3730140641354413
0.7892749066109891   0.9090862301860809   0.3831353603968304
0.7952026598865787   0.9164995361157506   0.39324918317103286
0.8011259217434425   0.9239087234681265   0.40335503650145893
0.807044412958123   0.9313135361986338   0.41345242494206336
0.8129578546127918   0.938713718542958   0.4235408535891008
0.8188659681131144   0.9461090150334248   0.43361982811282307
0.8247684752060932   0.9534991705153592   0.44368885478914105
0.8306650979979018   0.9608839301634442   0.45374744053126903
0.8365555589716845   0.9682630394980406   0.46379509292130583
0.8424395810053301   0.9756362444014826   0.47383132024177455
0.8483168873892335   0.9830032911343705   0.4838556315071375
0.8541872018440196   0.9903639263518194   0.4938675364952439
0.8600502485382377   0.9977178971196843   0.5038665457787275
0.865905752106041   1.0050649509307754   0.5138521707563762
0.8717534376648235   1.0124048357210287   0.5238239236844259
0.8775930308328255   1.0197372998856482   0.5337813177078005
0.8834242577467198   1.027062092295237   0.5437238668913154
0.8892468450791531   1.0343789623118784   0.5536510862508016
0.8950605200562507   1.0416876598051892   0.5635624917841686
0.9008650104751014   1.0489879351683526   0.5734576005024249
0.90666004472119   1.0562795393341053   0.5833359304606134
0.9124453517857953   1.0635622237906879   0.5931970007886795
0.9182206612833596   1.0708357405977749   0.6030403317222921
0.9239857034688042   1.0780998424023538   0.6128654446335682
0.9297402092548145   1.0853542824545732   0.6226718620617415
0.9354839102290726   1.0925988146235446   0.6324591077437413
0.9412165386714607   1.0998331934131198   0.6422267066447157
0.9469378275712086   1.107057173977614   0.6519741849884596
0.952647510643995   1.1142705121374865   0.6617010702877578
0.9583453223490153   1.1214729643949928   0.671406891374669
0.9640309979059882   1.1286642879497801   0.6810911784307031
0.9697042733121153   1.1358442407144365   0.6907534630169134
0.9753648853590019   1.14301258133001   0.7003932781039195
0.9810125716495147   1.150169069181466   0.7100101581018203
0.9866470706145888   1.1573134644130971   0.7196036388900151
0.9922681215299916   1.164445527943898   0.7291732578469499
0.9978754645330229   1.1715650214828792   0.7387185538797476
1.0034688406391576   1.1786717075443254   0.7482390674537417
1.0090479917586468   1.1857653494630211   0.7577343406219282
1.014612660713046   1.192845711409407   0.7672039170542974
1.0201625912516878   1.1999125584046832   0.7766473420670602
1.0256975280681073   1.2069656563358726   0.786064162651792
1.0312172168163922   1.2140047719708138   0.795453927504446
1.0367214041274742   1.2210296729730983   0.8048161870542591
1.0422098376253683   1.2280401279169646   0.8141504934925667
1.0476822659433376   1.2350359063021192   0.8234564008014844
1.053138438739992   1.2420167785684988   0.8327334647824737
1.0585781067153346   1.2489825161109855   0.8419812430848144
1.0640010216267268   1.2559328912940468   0.8511992952339321
1.0694069363047949   1.2628676774663217   0.860387182659623
1.0747956046692593   1.2697866489751335   0.86954446872414
1.080166781744707   1.2766895811809567   0.8786707187501802
1.0855202236762818   1.283576250471803   0.8877655000487228
1.0908556877453026   1.2904464342775415   0.8968283819467452
1.096172932384821   1.2972999110841676   0.9058589358148245
1.101471717195092   1.30413646044799   0.914856735094591
1.106751802958973   1.310955863009745   0.9238213553260494
1.1120129516572541   1.3177579005086637   0.9327523741747832
1.1172549264839045   1.3245423557964455   0.9416493714590044
1.1224774918612406   1.3313090128511702   0.9505119291764694
1.1276804134550205   1.3380576567911378   0.9593396315312622
1.1328634581894579   1.3447880738886382   0.968132064960433
1.1380263942621494   1.3515000515836382   0.9768888181604862
1.1431689911589276   1.3581933784973996   0.9856094821137356
1.1482910196686293   1.364867844446027   0.9942936501145079
1.1533922518977762   1.3715232404539233   1.0029409177951913
1.1584724612851793   1.3781593587671865   1.01155088315215
1.1635314226164493   1.3847759928669123   1.0201231465714709
1.1685689120384253   1.3913729374824282   1.0286573108545651
1.1735847070735184   1.397949988604443   1.0371529812436187
1.1785785866339626   1.4045069434981192   1.0456097654468803
1.1835503310359754   1.411043600716052   1.054027273663785
1.1884997220138376   1.4175597601111865   1.0624051186099401
1.1934265427338724   1.424055222849632   1.070742915541926
1.1983305778083382   1.430529791423404   1.07904028228195
1.203211613309223   1.4369832696630718   1.0872968392423212
1.2080694367819564   1.443415462750333   1.0955122094497807
1.2129038372590164   1.4498261772304921   1.1036860185696444
1.2177146052734413   1.4562152210248476   1.1118178949297812
1.2225015328722557   1.4625824034430073   1.1199074695444329
1.2272644136297906   1.4689275351950994   1.1279543761378479
1.2320030426609023   1.4752504284038954   1.1359582511677409
1.2367172166341065   1.4815508966168542   1.1439187338485934
1.2414067337846002   1.4878287548180638   1.1518354661747614
1.246071393927185   1.494083819440088   1.1597080929434058
1.2507109984690974   1.5003159083757371   1.1675362617772578
1.2553253504227289   1.506524840989729   1.175319623147189
1.2599142544182413   1.5127104381302554   1.183057830394598
1.264477516716092   1.5188725221404717   1.1907505397536287
1.2690149452194384   1.5250109168698698   1.1983974103731887
1.2735263494864444   1.5311254476855611   1.20599810433878
1.2780115407424864   1.5372159414834716   1.2135522866941568
1.2824703318922426   1.5432822266994284   1.2210596254627801
1.2869025375316774   1.549324133320145   1.2285197916690789
1.291307973959924   1.5553414928941236   1.2359324593595367
1.2956864591910504   1.5613341385424382   1.2432973056235668
1.300037812965718   1.567301904969431   1.2506140106142016
1.3043618567627278   1.5732446284732944   1.2578822575685766
1.3086584138104618   1.579162146956568   1.2651017328282337
1.3129273090982048   1.5850542999365185   1.2722721258592107
1.3171683693873535   1.5909209285554153   1.2793931292719296
1.3213814232225216   1.5967618755907194   1.2864644388408997
1.325566300942519   1.602576985465147   1.2934857535242017
1.3297228346912193   1.608366104256636   1.300456775482769
1.333850858428319   1.6141290797082124   1.3073772100994785
1.337950207939972   1.6198657612377423   1.31424676599802
1.3420207208493056   1.6255759999475734   1.3210651550615566
1.34606223662683   1.6312596486340822   1.3278320924511946
1.3500745966007193   1.636916561797101   1.3345472966242244
1.3540576439669734   1.6425465956492356   1.3412104893521535
1.3580112237994693   1.6481496081250822   1.3478213957385399
1.3619351830598836   1.653725458890328   1.3543797442365988
1.3658293706074929   1.6592740093507359   1.360885266666593
1.3696936372088648   1.664795122661031   1.3673376982330245
1.373527835547411   1.6702886637336636   1.3737367775415923
1.377331820232827   1.675754499247461   1.3800822466159341
1.3811054478104086   1.6811924976561738   1.3863738509141637
1.3848485767702403   1.6866025291969022   1.39261133934517
1.3885610675562587   1.691984465898402   1.3987944642847017
1.3922427825751984   1.6973381815892943   1.4049229815912387
1.395893586205402   1.70266355190614   1.4109966506216263
1.3995133448055115   1.7079604543014115   1.4170152342464957
1.4031019267230262   1.7132287680513378   1.4229784988654481
1.4066592023027416   1.7184683742636466   1.4288862144220307
1.4101850438950532   1.723679155885176   1.434738154418468
1.4136793258641314   1.728860997709372   1.440534095930171
1.4171419245959762   1.7340137863836733   1.4462738196200242
1.4205727185063326   1.7391374104167725   1.4519571097524342
1.423971588048478   1.744231760185752   1.457583754207147
1.4273384157208862   1.749296727943117   1.4631535444928445
1.4306730860747512   1.7543322078236931   1.4686662757604967
1.4339754857213818   1.7593380958514044   1.4741217468164827
1.43724550333947   1.7643142899459425   1.479519760135486
1.4404830296822213   1.7692606899293026   1.4848601218731463
1.4436879575843495   1.774177197532197   1.4901426418784736
1.4468601819689486   1.7790637164003595   1.4953671337060364
1.44999959985422   1.7839201521007122   1.5005334146279046
1.4531061103600695   1.788746412127413   1.5056413056453497
1.456179614714574   1.7935424059077893   1.5106906315003217
1.4592200162603057   1.7983080448081354   1.5156812206866697
1.4622272204605256   1.8030432421393912   1.520612905461132
1.4652011349052385   1.807747913162695   1.5254855218540802
1.468141669317116   1.812421975094816   1.5302989096800281
1.4710487355572779   1.8170653471134548   1.5350529125478896
1.4739222476309388   1.8216779503624205   1.5397473778709991
1.4767621216929168   1.8262597079566831   1.544382156876886
1.4795682760530071   1.8308105449873016   1.5489571046168085
1.4823406311812133   1.8353303885262189   1.5534720799750348
1.4850791097128435   1.8398191676309388   1.5579269456778886
1.487783636453465   1.8442768133490632   1.562321568302539
1.4904541383837233   1.8487032587227181   1.5666558182855508
1.4930905446640201   1.8530984387928375   1.5709295699311836
1.4956927866390508   1.8574622906033287   1.5751427014194466
1.4982607978422   1.8617947532050985   1.5792950948138968
1.500794513999806   1.866095767659968   1.5833866360692022
1.5032938730352738   1.870365277044442   1.587417215038445
1.5057588150730516   1.8746032264533534   1.5913867254801723
1.508189282442469   1.878809563003388   1.5952950650652127
1.5105852196814318   1.8829842358364681   1.5991421353832254
1.5129465735399708   1.887127196123008   1.6029278419490027
1.5152732929836594   1.8912383970650484   1.60665209420853
1.5175653291968791   1.895317793899251   1.610314805544783
1.5198226355859463   1.899365343899764   1.613915893283274
1.5220451677821003   1.9033810063809646   1.617455278697354
1.524232883644344   1.9073647427000628   1.6209328870132547
1.13539786368271   1.058625752043989   1.0315934048961113
1.137515829378549   1.062545528294083   1.0349472505295552
1.1395988657103489   1.0664332747347964   1.0382391185074207
1.1416469394737345   1.070288960918115   1.041468949912822
1.143660019704161   1.0741125584499196   1.0446366898031652
1.1456380776789008   1.0779040409918128   1.0477422872136701
1.1475810869188812   1.0816633842628027   1.050785695160635
1.1494890231903796   1.0853905660408534   1.0537668706444425
1.1513618645065802   1.0890855661643186   1.0566857746523204
1.1531995911289799   1.0927483665332272   1.0595423721608377
1.1550021855686503   1.09637895111044   1.0623366321381462
1.1567696325873644   1.099977305922685   1.0650685275459741
1.1585019191985673   1.103543419061448   1.0677380353413544
1.1601990346682096   1.1070772806837321   1.0703451364780991
1.1618609705154372   1.1105788830126961   1.0728898159080251
1.1634877205131324   1.114048220338148   1.0753720625819145
1.1650792806883126   1.1174852890169094   1.0777918694502215
1.1666356493223862   1.1208900874730527   1.0801492334635272
1.168156826951263   1.1242626161980014   1.0824441555727347
1.169642816365317   1.1276028777504945   1.0846766407290027
1.1710936226092115   1.1309108767564275   1.0868466978834361
1.172509252981574   1.1341866199085557   1.0889543399865087
1.173889717034527   1.1374301159660605   1.090999583987232
1.1752350265730793   1.140641375753994   1.092982450832072
1.1765451956543684   1.143820412162584   1.094902965463608
1.1778202405867582   1.1469672401464035   1.0967611568189304
1.1790601799287965   1.1500818767234209   1.0985570578277914
1.180265034488026   1.1531643409739034   1.1002907054104936
1.1814348273196507   1.1562146540391975   1.1019621404755249
1.1825695837250567   1.1592328391203721   1.1035714079169368
1.1836693312501954   1.1622189214767351   1.105118556611469
1.184734099683817   1.165172928424215   1.1066036394154202
1.18576392105556   1.168094889333607   1.1080267131612573
1.186758829633903   1.1709848356286965   1.10938783865398
1.1877188619239671   1.173842800784244   1.1106870806672213
1.1886440566651775   1.176668820323838   1.111924507939099
1.1895344548287814   1.1794629318176235   1.1131001931678124
1.1903900996152248   1.182225174879894   1.1142142130069863
1.1912110364513833   1.184955591166549   1.1152666480607567
1.1919973129876518   1.1876542243724335   1.116257582878611
1.1927489790948937   1.1903211202285326   1.117187105949969
1.1934660868612437   1.1929563264990428   1.1180553096985135
1.1941486905887724   1.195559892978314   1.1188622904762724
1.194796846790007   1.1981318714876592   1.119608148557443
1.1954106141843106   1.2006723158720314   1.120292988131968
1.1959900536941206   1.203181281996578   1.1209169172988636
1.1965352284410473   1.205658827743062   1.1214800480592917
1.1970462037418266   1.208105013006148   1.121982496309385
1.197523047104139   1.2105198996895734   1.1224243818328232
1.197965828222283   1.212903551702177   1.1228058282931586
1.198374618972711   1.215256034953807   1.1231269632258942
1.1987494934094243   1.2175774173510963   1.1233879180303123
1.1990905277592283   1.2198677687931152   1.1235888279610575
1.1993978004168508   1.222127161166893   1.1237298321194722
1.199671391939918   1.224355668342808   1.1238110734446836
1.1999113850437948   1.2265533661698633   1.1238326987044478
1.2001178645962844   1.2287203324708196   1.1237948584857467
1.2002909176121945   1.2308566470372158   1.1236977071851433
1.2004306332477581   1.2329623916242511   1.1235414029988848
1.2005371027949252   1.2350376499455535   1.1233261079127728
1.2006104196755145   1.237082507667814   1.1230519876917866
1.2006506794352267   1.2390970524052989   1.12271921186946
1.2006579797375228   1.2410813737142332   1.12232795373702
1.2006324203573708   1.2430355630870715   1.121878390332291
1.2005741031748505   1.2449597139466295   1.121370702428347
1.2004831321686291   1.2468539216401018   1.1208050745219331
1.2003596134092975   1.2487182834329522   1.1201816948216456
1.200203655052577   1.250552898502685   1.1195007552358751
1.2000153673323892   1.2523578679324898   1.1187624513605117
1.199794862553795   1.2541332947047634   1.117966982466414
1.1995422550858   1.255879283694518   1.1171145514866443
1.1992576613540253   1.2575959416626579   1.116205365003467
1.1989411998332522   1.2592833772491399   1.1152396332351138
1.1985929910398303   1.2609417009660169   1.1142175700223176
1.1982131575239567   1.2625710251903552   1.113139392814612
1.1978018238618258   1.2641714641570365   1.1120053226564013
1.1973591166476483   1.265743133951438   1.1108155841727998
1.19688516448554   1.2672861525019983   1.10957040555524
1.1963800979812853   1.2688006395726603   1.108270018546855
1.1958440497339673   1.2702867167551979   1.1069146584276335
1.1952771543274752   1.2717445074614295   1.1055045639993433
1.194679548321881   1.27317413691531   1.1040399775702363
-0.37564323796006127   -0.6904731286679043   0.3836429268285399
-0.3763018476227777   -0.6890994388385464   0.382070097270645
-0.37699074643539426   -0.6877535237976586   0.3804435235192346
-0.37770979002184835   -0.6864352511541179   0.3787634617510285
-0.3784588320748914   -0.6851444867459252   0.377030171569386
-0.3792377243654619   -0.6838810946488023   0.37524391598767654
-0.3800463167521815   -0.6826449371849006   0.37340496141242924
-0.3808844571909735   -0.6814358749316184   0.37151357762626586
-0.3817519917448039   -0.6802537667305345   0.3695700377706176
-0.38264876459354225   -0.6790984696964527   0.36757461832822735
-0.3835746180439448   -0.6779698392265525   0.365527599105436
-0.38452939253975693   -0.6768677290096548   0.3634292632142576
-0.38551292667193404   -0.6757919910355958   0.36127989705424296
-0.3865250571889831   -0.6747424756047069   0.3590797902941301
-0.3875656190074207   -0.6737190313374066   0.3568292358532884
-0.38863444522234897   -0.6727215051838977   0.3545285298829519
-0.38973136711814754   -0.671749742433974   0.35217797174724896
-0.39085621417928296   -0.6708035867269283   0.34977786400402133
-0.39200881410123245   -0.6698828800615723   0.34732851238544177
-0.3931889928015216   -0.6689874628063581   0.34483022577842976
-0.3943965744308775   -0.6681171737096037   0.34228331620486024
-0.3956313813844943   -0.667271849909824   0.3396880988015756
-0.39689323431341034   -0.6664513269461658   0.3370448918001978
-0.3981819521359991   -0.6656554387689414   0.33435401650673946
-0.39949735204956943   -0.6648840177502665   0.3316157972810204
-0.40083924954207595   -0.6641368946948024   0.3288305615158897
-0.40220745840394084   -0.6634138988505905   0.3259986396162485
-0.4036017907399823   -0.6627148579199947   0.32312036497788493
-0.40502205698145155   -0.6620395980707385   0.32019607396611705
-0.4064680658981781   -0.6613879439470407   0.3172261058942403
-0.40793962461082045   -0.6607597186808496   0.3142108030017924
-0.40943653860322177   -0.6601547439031752   0.31115051043262903
-0.41095861173487286   -0.659572839755514   0.3080455762128094
-0.4125056462534766   -0.6590138249013725   0.304896351228303
-0.4140774428076162   -0.658477516537885   0.30170318920251094
-0.4156738004595281   -0.6579637304075231   0.29846644667360234
-0.41729451669797346   -0.6574722808099006   0.29518648297167527
-0.4189393874512117   -0.6570029806136714   0.2918636601957376
-0.4206082071000749   -0.6565556412685152   0.2884983431905071
-0.4223007684911402   -0.6561300728172189   0.2850908995230392
-0.4240168629500008   -0.6557260839078449   0.28164169945917944
-0.42575628029463364   -0.6553434818059912   0.2781511159398447
-0.427518808848866   -0.6549820724071365   0.27461952455712696
-0.42930423545593543   -0.6546416602490762   0.27104730353023443
-0.43111234549214444   -0.6543220485244463   0.26743483368126275
-0.43294292288061187   -0.6540230390933284   0.2637824984107942
-0.43479575010511473   -0.6537444324959449   0.2600906836733376
-0.43667060822402226   -0.6534860279654381   0.2563597779526051
-0.43856727688432384   -0.6532476234407304   0.25259017223661945
-0.4404855343357445   -0.6530290155794689   0.24878225999266945
-0.4424251574449508   -0.652829999771055   0.24493643714210322
-0.44438592170984653   -0.6526503701497487   0.24105310203496128
-0.44636760127395564   -0.6524899196078608   0.2371326554244574
-0.44836996894088743   -0.6523484398090156   0.23317550044131083
-0.4503927961888984   -0.6522257212015067   0.2291820425679087
-0.45243585318552704   -0.6521215530317129   0.2251526896123382
-0.45449890880231747   -0.6520357233576025   0.22108785168226197
-0.4565817306296298   -0.6519680190623127   0.21698794115863776
-0.4586840849915291   -0.6519182258678048   0.21285337266930196
-0.46080573696074956   -0.6518861283485833   0.208684563062415
-0.4629464503737522   -0.6518715099455048   0.20448193137974563
-0.46510598784585216   -0.6518741529796515   0.2002458988298283
-0.467284110786422   -0.6518938386662685   0.19597688876098715
-0.4694805794141834   -0.6519303471287895   0.19167532663420325
-0.4716951527725637   -0.6519834574129167   0.18734163999586534
-0.4739275887451362   -0.6520529475007814   0.18297625845037402
-0.47617764407112584   -0.652138594325159   0.17857961363262936
-0.47844507436099853   -0.652240173783768   0.17415213918036757
-0.4807296341121157   -0.6523574607536222   0.16969427070638612
-0.48303107672446066   -0.6524902291054545   0.16520644577063853
-0.48534915451643895   -0.6526382517182023   0.1606891038521981
-0.48768361874074573   -0.6528013004935592   0.15614268632110484
-0.49003421960029836   -0.6529791463705871   0.15156763641009352
-0.4924007062642433   -0.6531715593403904   0.1469643991861921
-0.4947828268840236   -0.6533783084608513   0.14233342152221262
-0.4971803286095115   -0.6535991618714261   0.13767515206812503
-0.4995929576052101   -0.6538338868079969   0.1329900412223099
-0.5020204590665137   -0.654082249617785   0.12827854110270673
-0.5044625772360297   -0.654344015774319   0.1235411055178525
-0.5069190554199665   -0.6546189498924594   0.11877818993780344
-0.5093896360045767   -0.6549068157434779   0.11399025146495867
-0.5118740604726595   -0.655207376270192   0.1091777488047793
-0.5143720694201249   -0.6555203936021508   0.10434114223639677
-0.5168834025726111   -0.6558456290708746   0.09948089358312792
-0.5194077988021567   -0.6561828432251445   0.09459746618289212
-0.5219449961439325   -0.6565317958463426   0.08969132485852228
-0.5244947318130226   -0.6568922459638413   0.08476293588799044
-0.5270567422212593   -0.6572639518704405   0.07981276697453442
-0.5296307629941083   -0.6576466711378531   0.07484128721669861
-0.5322165289876085   -0.6580401606322349   0.06984896707827651
-0.5348137743053565   -0.6584441765297608   0.06483627835817314
-0.537422232315539   -0.6588584743322463   0.05980369416018366
-0.5400416356680178   -0.659282808882809   0.05475168886267827
-0.5426717163114556   -0.6597169343815751   0.04968073808821463
-0.5453122055104865   -0.6601606044014274   0.04459131867307094
-0.5479628338629356   -0.6606135719037903   0.0394839086366921
-0.5506233313170764   -0.6610755892544576   0.03435898715106861
-0.5532934271889294   -0.6615464082394562   0.02921703451004254
-0.5559728501796065   -0.6620257800809475   0.024058532098531732
-0.5586613283926899   -0.6625134554531649   0.018883962361693873
-0.5613585893516491   -0.6630091844983879   0.01369380877402171
-0.5640643600172998   -0.6635127168429467   0.008488555808364662
-0.5667783668052944   -0.664023801613264   0.003268688904893763
-0.5695003356036472   -0.6645421874519257   -0.0019653055599933855
-0.5722299917902984   -0.6650676225337844   -0.007212940304838711
-0.5749670602507053   -0.665599854582092   -0.012473727174337007
-0.5777112653954664   -0.6661386308846617   -0.017747177170606282
-0.5804623311779782   -0.6666836983100571   -0.023032800484520666
-0.5832199811121209   -0.6672348033238096   -0.028330106527086674
-0.5859839382899666   -0.6677916920046599   -0.03363860396086846
-0.5887539253995244   -0.6683541100608262   -0.03895780073147176
-0.5915296647425028   -0.6689218028462938   -0.04428720409906159
-0.5943108782521014   -0.6694945153771292   -0.049626320669932056
-0.5970972875108229   -0.6700719923478162   -0.05497465642810995
-0.5998886137683127   -0.6706539781476103   -0.06033171676701016
-0.6026845779592147   -0.6712402168769147   -0.06569700652111843
-0.6054849007210485   -0.6718304523636744   -0.07107002999771067
-0.6082893024121089   -0.6724244281797871   -0.07645029100861489
-0.611097503129379   -0.6730218876575313   -0.0818372929019959
-0.6139092227264613   -0.6736225739060095   -0.08723053859416938
-0.616724180831527   -0.6742262298276047   -0.0926295306014534
-0.6195420968652763   -0.6748325981344517   -0.09803377107203554
-0.6223626900589122   -0.6754414213649205   -0.10344276181786455
-0.6251856794721306   -0.676052441900109   -0.10885600434657186
-0.6280107840111164   -0.6766654019803479   -0.11427299989340398
-0.6308377224465506   -0.677280043721713   -0.11969324945317203
-0.6336662134316289   -0.6778961091325474   -0.12511625381222619
-0.6364959755200854   -0.6785133401299879   -0.13054151358043392
-0.6393267271842208   -0.6791314785565001   -0.13596852922316974
-0.6421581868329418   -0.6797502661964161   -0.14139680109332345
-0.644990072829799   -0.6803694447924777   -0.14682582946330683
-0.6478221035110266   -0.6809887560623773   -0.1522551145570618
-0.6506539972035938   -0.6816079417153129   -0.15768415658209084
-0.6534854722432437   -0.6822267434685266   -0.1631124557614644
-0.6563162469925403   -0.6828449030638553   -0.1685395123658441
-0.6591460398589098   -0.6834621622842749   -0.17396482674549252
-0.661974569312683   -0.6840782629704425   -0.17938789936228855
-0.6648015539051295   -0.6846929470372365   -0.18480823082172765
-0.6676267122864858   -0.6853059564902853   -0.1902253219049079
-0.6704497632239859   -0.6859170334425049   -0.19563867360052525
-0.6732704256198735   -0.6865259201306113   -0.20104778713683255
-0.6760884185294085   -0.6871323589316359   -0.2064521640135905
-0.6789034611788706   -0.6877360923794316   -0.21185130603401198
-0.6817152729835452   -0.6883368631811699   -0.2172447153366764
-0.6845235735656935   -0.6889344142338145   -0.22263189442741513
-0.6873280827725219   -0.6895284886406017   -0.2280123462111958
-0.6901285206941261   -0.690118829727494   -0.23338557402396148
-0.6929246076814218   -0.6907051810596241   -0.2387510816644467
-0.6957160643640629   -0.6912872864577233   -0.24410837342597164
-0.6985026116683379   -0.6918648900145327   -0.24945695412819652
-0.7012839708350472   -0.6924377361111985   -0.2547963291488408
-0.7040598634373636   -0.6930055694336474   -0.2601260044553774
-0.7068300113986685   -0.6935681349889428   -0.2654454866366788
-0.7095941370103644   -0.6941251781216209   -0.27075428293462367
-0.7123519629496697   -0.6946764445300045   -0.27605190127567114
-0.715103212297383   -0.6952216802824953   -0.2813378503023819
-0.7178476085556226   -0.6957606318338407   -0.2866116394048926
-0.720584875665542   -0.6962930460413778   -0.291872778752353
-0.7233147380250143   -0.6968186701812495   -0.2971207793243023
-0.7260369205062885   -0.697337251964596   -0.302355152941999
-0.7287511484736141   -0.6978485395537168   -0.30757541229969204
-0.7314571478008373   -0.6983522815782048   -0.31278107099584473
-0.7341546448889615   -0.6988482271510497   -0.3179716435642934
-0.7368433666836737   -0.6993361258847102   -0.3231466455053443
-0.7395230406928403   -0.6998157279071564   -0.3283055933168189
-0.7421933950039621   -0.700286783877875   -0.3334480045250258
-0.7448541583015929   -0.7007490450038463   -0.33857339771566636
-1.1384929394641563   -1.5538930272710636   -0.9364365350834452
